0 verbose cli /Users/apple11/.nvm/versions/node/v24.15.0/bin/node /Users/apple11/.nvm/versions/node/v24.15.0/bin/npm
1 info using npm@11.12.1
2 info using node@v24.15.0
3 silly config load:file:/Users/apple11/.nvm/versions/node/v24.15.0/lib/node_modules/npm/npmrc
4 silly config load:file:/Users/apple11/.gemini/antigravity/scratch/stockscans-chart/.npmrc
5 silly config load:file:/Users/apple11/.npmrc
6 silly config load:file:/Users/apple11/.nvm/versions/node/v24.15.0/etc/npmrc
7 verbose title npm install
8 verbose argv "install"
9 verbose logfile logs-max:10 dir:/Users/apple11/.gemini/antigravity/scratch/stockscans-chart/.npm-cache/_logs/2026-09-24T02_16_18_429Z-
10 verbose logfile /Users/apple11/.gemini/antigravity/scratch/stockscans-chart/.npm-cache/_logs/2026-09-24T02_16_18_429Z-debug-0.log
11 silly logfile done cleaning log files
12 silly packumentCache heap:4496293888 maxSize:1124073472 maxEntrySize:562036736
13 silly idealTree buildDeps
14 silly fetch manifest lucide-react@^0.475.0
15 silly packumentCache full:https://registry.npmjs.org/lucide-react cache-miss
16 http fetch GET 200 https://registry.npmjs.org/npm 149ms
17 http fetch GET 200 https://registry.npmjs.org/lucide-react 155ms (cache miss)
18 silly packumentCache full:https://registry.npmjs.org/lucide-react set size:undefined disposed:false
19 silly fetch manifest react@^18.3.1
20 silly packumentCache full:https://registry.npmjs.org/react cache-miss
21 http fetch GET 200 https://registry.npmjs.org/react 170ms (cache miss)
22 silly packumentCache full:https://registry.npmjs.org/react set size:undefined disposed:false
23 silly fetch manifest react-dom@^18.3.1
24 silly packumentCache full:https://registry.npmjs.org/react-dom cache-miss
25 http fetch GET 200 https://registry.npmjs.org/react-dom 192ms (cache miss)
26 silly packumentCache full:https://registry.npmjs.org/react-dom set size:undefined disposed:false
27 silly fetch manifest @types/react@^18.3.18
28 silly packumentCache full:https://registry.npmjs.org/@types%2freact cache-miss
29 http fetch GET 200 https://registry.npmjs.org/@types%2freact 75ms (cache miss)
30 silly packumentCache full:https://registry.npmjs.org/@types%2freact set size:undefined disposed:false
31 silly fetch manifest @types/react-dom@^18.3.5
32 silly packumentCache full:https://registry.npmjs.org/@types%2freact-dom cache-miss
33 http fetch GET 200 https://registry.npmjs.org/@types%2freact-dom 38ms (cache miss)
34 silly packumentCache full:https://registry.npmjs.org/@types%2freact-dom set size:undefined disposed:false
35 silly fetch manifest @vitejs/plugin-react@^4.3.4
36 silly packumentCache full:https://registry.npmjs.org/@vitejs%2fplugin-react cache-miss
37 http fetch GET 200 https://registry.npmjs.org/@vitejs%2fplugin-react 785ms (cache miss)
38 silly packumentCache full:https://registry.npmjs.org/@vitejs%2fplugin-react set size:undefined disposed:false
39 silly fetch manifest vite@^6.1.0
40 silly packumentCache full:https://registry.npmjs.org/vite cache-miss
41 http fetch GET 200 https://registry.npmjs.org/vite 1225ms (cache miss)
42 silly packumentCache full:https://registry.npmjs.org/vite set size:undefined disposed:false
43 silly fetch manifest @types/node@^18.0.0 || ^20.0.0 || >=22.0.0
44 silly packumentCache full:https://registry.npmjs.org/@types%2fnode cache-miss
45 http fetch GET 200 https://registry.npmjs.org/@types%2fnode 229ms (cache miss)
46 silly packumentCache full:https://registry.npmjs.org/@types%2fnode set size:undefined disposed:false
47 silly fetch manifest jiti@>=1.21.0
48 silly packumentCache full:https://registry.npmjs.org/jiti cache-miss
49 http fetch GET 200 https://registry.npmjs.org/jiti 276ms (cache miss)
50 silly packumentCache full:https://registry.npmjs.org/jiti set size:undefined disposed:false
51 silly fetch manifest less@*
52 silly packumentCache full:https://registry.npmjs.org/less cache-miss
53 http fetch GET 200 https://registry.npmjs.org/less 39ms (cache miss)
54 silly packumentCache full:https://registry.npmjs.org/less set size:undefined disposed:false
55 silly fetch manifest lightningcss@^1.21.0
56 silly packumentCache full:https://registry.npmjs.org/lightningcss cache-miss
57 http fetch GET 200 https://registry.npmjs.org/lightningcss 332ms (cache miss)
58 silly packumentCache full:https://registry.npmjs.org/lightningcss set size:undefined disposed:false
59 silly fetch manifest sass@*
60 silly packumentCache full:https://registry.npmjs.org/sass cache-miss
61 http fetch GET 200 https://registry.npmjs.org/sass 1238ms (cache miss)
62 silly packumentCache full:https://registry.npmjs.org/sass set size:undefined disposed:false
63 silly fetch manifest sass-embedded@*
64 silly packumentCache full:https://registry.npmjs.org/sass-embedded cache-miss
65 http fetch GET 200 https://registry.npmjs.org/sass-embedded 43ms (cache miss)
66 silly packumentCache full:https://registry.npmjs.org/sass-embedded set size:undefined disposed:false
67 silly fetch manifest stylus@*
68 silly packumentCache full:https://registry.npmjs.org/stylus cache-miss
69 http fetch GET 200 https://registry.npmjs.org/stylus 544ms (cache miss)
70 silly packumentCache full:https://registry.npmjs.org/stylus set size:undefined disposed:false
71 silly fetch manifest sugarss@*
72 silly packumentCache full:https://registry.npmjs.org/sugarss cache-miss
73 http fetch GET 200 https://registry.npmjs.org/sugarss 288ms (cache miss)
74 silly packumentCache full:https://registry.npmjs.org/sugarss set size:undefined disposed:false
75 silly fetch manifest postcss@^8.5.1
76 silly packumentCache full:https://registry.npmjs.org/postcss cache-miss
77 http fetch GET 200 https://registry.npmjs.org/postcss 60ms (cache miss)
78 silly packumentCache full:https://registry.npmjs.org/postcss set size:undefined disposed:false
79 silly fetch manifest terser@^5.16.0
80 silly packumentCache full:https://registry.npmjs.org/terser cache-miss
81 http fetch GET 200 https://registry.npmjs.org/terser 49ms (cache miss)
82 silly packumentCache full:https://registry.npmjs.org/terser set size:undefined disposed:false
83 silly fetch manifest tsx@^4.8.1
84 silly packumentCache full:https://registry.npmjs.org/tsx cache-miss
85 http fetch GET 200 https://registry.npmjs.org/tsx 27ms (cache miss)
86 silly packumentCache full:https://registry.npmjs.org/tsx set size:undefined disposed:false
87 silly fetch manifest yaml@^2.4.2
88 silly packumentCache full:https://registry.npmjs.org/yaml cache-miss
89 http fetch GET 200 https://registry.npmjs.org/yaml 31ms (cache miss)
90 silly packumentCache full:https://registry.npmjs.org/yaml set size:undefined disposed:false
91 silly fetch manifest autoprefixer@^10.4.20
92 silly packumentCache full:https://registry.npmjs.org/autoprefixer cache-miss
93 http fetch GET 200 https://registry.npmjs.org/autoprefixer 397ms (cache miss)
94 silly packumentCache full:https://registry.npmjs.org/autoprefixer set size:undefined disposed:false
95 silly fetch manifest tailwindcss@^3.4.17
96 silly packumentCache full:https://registry.npmjs.org/tailwindcss cache-miss
97 http fetch GET 200 https://registry.npmjs.org/tailwindcss 484ms (cache miss)
98 silly packumentCache full:https://registry.npmjs.org/tailwindcss set size:undefined disposed:false
99 silly fetch manifest typescript@^5.7.3
100 silly packumentCache full:https://registry.npmjs.org/typescript cache-miss
101 http fetch GET 200 https://registry.npmjs.org/typescript 291ms (cache miss)
102 silly packumentCache full:https://registry.npmjs.org/typescript set size:undefined disposed:false
103 silly placeDep ROOT @types/react@18.3.31 OK for: stockscans-chart@1.0.0 want: ^18.3.18
104 silly placeDep ROOT @types/react-dom@18.3.7 OK for: stockscans-chart@1.0.0 want: ^18.3.5
105 silly placeDep ROOT @vitejs/plugin-react@4.7.0 OK for: stockscans-chart@1.0.0 want: ^4.3.4
106 silly placeDep ROOT vite@6.4.3 OK for: @vitejs/plugin-react@4.7.0 want: ^4.2.0 || ^5.0.0 || ^6.0.0 || ^7.0.0
107 silly placeDep ROOT autoprefixer@10.6.1 OK for: stockscans-chart@1.0.0 want: ^10.4.20
108 silly placeDep ROOT postcss@8.5.28 OK for: autoprefixer@10.6.1 want: ^8.1.0
109 silly placeDep ROOT lucide-react@0.475.0 OK for: stockscans-chart@1.0.0 want: ^0.475.0
110 silly placeDep ROOT react@18.3.1 OK for: lucide-react@0.475.0 want: ^16.5.1 || ^17.0.0 || ^18.0.0 || ^19.0.0
111 silly placeDep ROOT react-dom@18.3.1 OK for: stockscans-chart@1.0.0 want: ^18.3.1
112 silly placeDep ROOT tailwindcss@3.4.19 OK for: stockscans-chart@1.0.0 want: ^3.4.17
113 silly placeDep ROOT typescript@5.9.3 OK for: stockscans-chart@1.0.0 want: ^5.7.3
114 silly fetch manifest csstype@^3.2.2
115 silly packumentCache full:https://registry.npmjs.org/csstype cache-miss
116 silly fetch manifest @types/prop-types@*
117 silly packumentCache full:https://registry.npmjs.org/@types%2fprop-types cache-miss
118 silly fetch manifest @babel/core@^7.28.0
119 silly packumentCache full:https://registry.npmjs.org/@babel%2fcore cache-miss
120 silly fetch manifest react-refresh@^0.17.0
121 silly packumentCache full:https://registry.npmjs.org/react-refresh cache-miss
122 silly fetch manifest @types/babel__core@^7.20.5
123 silly packumentCache full:https://registry.npmjs.org/@types%2fbabel__core cache-miss
124 silly fetch manifest @rolldown/pluginutils@1.0.0-beta.27
125 silly packumentCache full:https://registry.npmjs.org/@rolldown%2fpluginutils cache-miss
126 silly fetch manifest @babel/plugin-transform-react-jsx-self@^7.27.1
127 silly packumentCache full:https://registry.npmjs.org/@babel%2fplugin-transform-react-jsx-self cache-miss
128 silly fetch manifest @babel/plugin-transform-react-jsx-source@^7.27.1
129 silly packumentCache full:https://registry.npmjs.org/@babel%2fplugin-transform-react-jsx-source cache-miss
130 silly fetch manifest fdir@^6.4.4
131 silly packumentCache full:https://registry.npmjs.org/fdir cache-miss
132 http fetch GET 200 https://registry.npmjs.org/@types%2fprop-types 34ms (cache miss)
133 silly packumentCache full:https://registry.npmjs.org/@types%2fprop-types set size:undefined disposed:false
134 silly fetch manifest rollup@^4.34.9
135 silly packumentCache full:https://registry.npmjs.org/rollup cache-miss
136 http fetch GET 200 https://registry.npmjs.org/csstype 37ms (cache miss)
137 silly packumentCache full:https://registry.npmjs.org/csstype set size:undefined disposed:false
138 silly fetch manifest esbuild@^0.25.0
139 silly packumentCache full:https://registry.npmjs.org/esbuild cache-miss
140 http fetch GET 200 https://registry.npmjs.org/fdir 61ms (cache miss)
141 silly packumentCache full:https://registry.npmjs.org/fdir set size:undefined disposed:false
142 silly fetch manifest postcss@^8.5.3
143 silly packumentCache full:https://registry.npmjs.org/postcss cache-miss
144 http cache https://registry.npmjs.org/postcss 3ms (cache hit)
145 silly packumentCache full:https://registry.npmjs.org/postcss set size:766699 disposed:false
146 silly fetch manifest picomatch@^4.0.2
147 silly packumentCache full:https://registry.npmjs.org/picomatch cache-miss
148 http fetch GET 200 https://registry.npmjs.org/@types%2fbabel__core 75ms (cache miss)
149 silly packumentCache full:https://registry.npmjs.org/@types%2fbabel__core set size:undefined disposed:false
150 silly fetch manifest tinyglobby@^0.2.13
151 silly packumentCache full:https://registry.npmjs.org/tinyglobby cache-miss
152 http fetch GET 200 https://registry.npmjs.org/@babel%2fplugin-transform-react-jsx-source 84ms (cache miss)
153 silly packumentCache full:https://registry.npmjs.org/@babel%2fplugin-transform-react-jsx-source set size:undefined disposed:false
154 silly fetch manifest fsevents@~2.3.3
155 silly packumentCache full:https://registry.npmjs.org/fsevents cache-miss
156 http fetch GET 200 https://registry.npmjs.org/tinyglobby 24ms (cache miss)
157 silly packumentCache full:https://registry.npmjs.org/tinyglobby set size:undefined disposed:false
158 silly fetch manifest picocolors@^1.1.1
159 silly packumentCache full:https://registry.npmjs.org/picocolors cache-miss
160 http fetch GET 200 https://registry.npmjs.org/fsevents 27ms (cache miss)
161 silly packumentCache full:https://registry.npmjs.org/fsevents set size:undefined disposed:false
162 silly fetch manifest fraction.js@^5.3.4
163 silly packumentCache full:https://registry.npmjs.org/fraction.js cache-miss
164 http fetch GET 200 https://registry.npmjs.org/esbuild 76ms (cache miss)
165 silly packumentCache full:https://registry.npmjs.org/esbuild set size:undefined disposed:false
166 silly fetch manifest browserslist@^4.28.9
167 silly packumentCache full:https://registry.npmjs.org/browserslist cache-miss
168 http fetch GET 200 https://registry.npmjs.org/picocolors 24ms (cache miss)
169 silly packumentCache full:https://registry.npmjs.org/picocolors set size:undefined disposed:false
170 silly fetch manifest caniuse-lite@^1.0.30001810
171 silly packumentCache full:https://registry.npmjs.org/caniuse-lite cache-miss
172 http fetch GET 200 https://registry.npmjs.org/browserslist 54ms (cache miss)
173 silly packumentCache full:https://registry.npmjs.org/browserslist set size:undefined disposed:false
174 silly fetch manifest postcss-value-parser@^4.2.0
175 silly packumentCache full:https://registry.npmjs.org/postcss-value-parser cache-miss
176 http fetch GET 200 https://registry.npmjs.org/rollup 138ms (cache miss)
177 silly packumentCache full:https://registry.npmjs.org/rollup set size:undefined disposed:false
178 silly fetch manifest nanoid@^3.3.18
179 silly packumentCache full:https://registry.npmjs.org/nanoid cache-miss
180 http fetch GET 200 https://registry.npmjs.org/nanoid 32ms (cache miss)
181 silly packumentCache full:https://registry.npmjs.org/nanoid set size:undefined disposed:false
182 silly fetch manifest source-map-js@^1.2.1
183 silly packumentCache full:https://registry.npmjs.org/source-map-js cache-miss
184 http fetch GET 200 https://registry.npmjs.org/source-map-js 27ms (cache miss)
185 silly packumentCache full:https://registry.npmjs.org/source-map-js set size:undefined disposed:false
186 silly fetch manifest loose-envify@^1.1.0
187 silly packumentCache full:https://registry.npmjs.org/loose-envify cache-miss
188 http fetch GET 200 https://registry.npmjs.org/loose-envify 21ms (cache miss)
189 silly packumentCache full:https://registry.npmjs.org/loose-envify set size:undefined disposed:false
190 silly fetch manifest scheduler@^0.23.2
191 silly packumentCache full:https://registry.npmjs.org/scheduler cache-miss
192 http fetch GET 200 https://registry.npmjs.org/@babel%2fplugin-transform-react-jsx-self 316ms (cache miss)
193 silly packumentCache full:https://registry.npmjs.org/@babel%2fplugin-transform-react-jsx-self set size:undefined disposed:false
194 silly fetch manifest arg@^5.0.2
195 silly packumentCache full:https://registry.npmjs.org/arg cache-miss
196 http fetch GET 200 https://registry.npmjs.org/picomatch 298ms (cache miss)
197 silly packumentCache full:https://registry.npmjs.org/picomatch set size:undefined disposed:false
198 silly fetch manifest dlv@^1.1.3
199 silly packumentCache full:https://registry.npmjs.org/dlv cache-miss
200 http fetch GET 200 https://registry.npmjs.org/fraction.js 302ms (cache miss)
201 silly packumentCache full:https://registry.npmjs.org/fraction.js set size:undefined disposed:false
202 silly fetch manifest jiti@^1.21.7
203 silly packumentCache full:https://registry.npmjs.org/jiti cache-miss
204 http cache https://registry.npmjs.org/jiti 3ms (cache hit)
205 silly packumentCache full:https://registry.npmjs.org/jiti set size:387989 disposed:false
206 silly fetch manifest is-glob@^4.0.3
207 silly packumentCache full:https://registry.npmjs.org/is-glob cache-miss
208 http fetch GET 200 https://registry.npmjs.org/react-refresh 454ms (cache miss)
209 silly packumentCache full:https://registry.npmjs.org/react-refresh set size:undefined disposed:false
210 silly fetch manifest resolve@^1.22.8
211 silly packumentCache full:https://registry.npmjs.org/resolve cache-miss
212 http fetch GET 200 https://registry.npmjs.org/caniuse-lite 364ms (cache miss)
213 silly packumentCache full:https://registry.npmjs.org/caniuse-lite set size:undefined disposed:false
214 silly fetch manifest sucrase@^3.35.0
215 silly packumentCache full:https://registry.npmjs.org/sucrase cache-miss
216 http fetch GET 200 https://registry.npmjs.org/postcss-value-parser 328ms (cache miss)
217 silly packumentCache full:https://registry.npmjs.org/postcss-value-parser set size:undefined disposed:false
218 silly fetch manifest chokidar@^3.6.0
219 silly packumentCache full:https://registry.npmjs.org/chokidar cache-miss
220 http fetch GET 200 https://registry.npmjs.org/chokidar 28ms (cache miss)
221 silly packumentCache full:https://registry.npmjs.org/chokidar set size:undefined disposed:false
222 silly fetch manifest fast-glob@^3.3.2
223 silly packumentCache full:https://registry.npmjs.org/fast-glob cache-miss
224 http fetch GET 200 https://registry.npmjs.org/fast-glob 29ms (cache miss)
225 silly packumentCache full:https://registry.npmjs.org/fast-glob set size:undefined disposed:false
226 silly fetch manifest lilconfig@^3.1.3
227 silly packumentCache full:https://registry.npmjs.org/lilconfig cache-miss
228 http fetch GET 200 https://registry.npmjs.org/arg 300ms (cache miss)
229 silly packumentCache full:https://registry.npmjs.org/arg set size:undefined disposed:false
230 silly fetch manifest didyoumean@^1.2.2
231 silly packumentCache full:https://registry.npmjs.org/didyoumean cache-miss
232 http fetch GET 200 https://registry.npmjs.org/@babel%2fcore 658ms (cache miss)
233 silly packumentCache full:https://registry.npmjs.org/@babel%2fcore set size:undefined disposed:false
234 silly fetch manifest micromatch@^4.0.8
235 silly packumentCache full:https://registry.npmjs.org/micromatch cache-miss
236 http fetch GET 200 https://registry.npmjs.org/dlv 298ms (cache miss)
237 silly packumentCache full:https://registry.npmjs.org/dlv set size:undefined disposed:false
238 silly fetch manifest postcss-js@^4.0.1
239 silly packumentCache full:https://registry.npmjs.org/postcss-js cache-miss
240 http fetch GET 200 https://registry.npmjs.org/micromatch 28ms (cache miss)
241 silly packumentCache full:https://registry.npmjs.org/micromatch set size:undefined disposed:false
242 silly fetch manifest glob-parent@^6.0.2
243 silly packumentCache full:https://registry.npmjs.org/glob-parent cache-miss
244 http fetch GET 200 https://registry.npmjs.org/scheduler 422ms (cache miss)
245 silly packumentCache full:https://registry.npmjs.org/scheduler set size:undefined disposed:false
246 silly fetch manifest object-hash@^3.0.0
247 silly packumentCache full:https://registry.npmjs.org/object-hash cache-miss
248 http fetch GET 200 https://registry.npmjs.org/is-glob 290ms (cache miss)
249 silly packumentCache full:https://registry.npmjs.org/is-glob set size:undefined disposed:false
250 silly fetch manifest normalize-path@^3.0.0
251 silly packumentCache full:https://registry.npmjs.org/normalize-path cache-miss
252 http fetch GET 200 https://registry.npmjs.org/glob-parent 23ms (cache miss)
253 silly packumentCache full:https://registry.npmjs.org/glob-parent set size:undefined disposed:false
254 silly fetch manifest postcss-import@^15.1.0
255 silly packumentCache full:https://registry.npmjs.org/postcss-import cache-miss
256 http fetch GET 200 https://registry.npmjs.org/normalize-path 26ms (cache miss)
257 silly packumentCache full:https://registry.npmjs.org/normalize-path set size:undefined disposed:false
258 silly fetch manifest postcss-nested@^6.2.0
259 silly packumentCache full:https://registry.npmjs.org/postcss-nested cache-miss
260 http fetch GET 200 https://registry.npmjs.org/resolve 267ms (cache miss)
261 silly packumentCache full:https://registry.npmjs.org/resolve set size:undefined disposed:false
262 silly fetch manifest @alloc/quick-lru@^5.2.0
263 silly packumentCache full:https://registry.npmjs.org/@alloc%2fquick-lru cache-miss
264 http fetch GET 200 https://registry.npmjs.org/sucrase 301ms (cache miss)
265 silly packumentCache full:https://registry.npmjs.org/sucrase set size:undefined disposed:false
266 silly fetch manifest postcss-load-config@^4.0.2 || ^5.0 || ^6.0
267 silly packumentCache full:https://registry.npmjs.org/postcss-load-config cache-miss
268 http fetch GET 200 https://registry.npmjs.org/@rolldown%2fpluginutils 852ms (cache miss)
269 silly packumentCache full:https://registry.npmjs.org/@rolldown%2fpluginutils set size:undefined disposed:false
270 silly fetch manifest postcss-selector-parser@^6.1.2
271 silly packumentCache full:https://registry.npmjs.org/postcss-selector-parser cache-miss
272 http fetch GET 200 https://registry.npmjs.org/postcss-selector-parser 33ms (cache miss)
273 silly packumentCache full:https://registry.npmjs.org/postcss-selector-parser set size:undefined disposed:false
274 http fetch GET 200 https://registry.npmjs.org/lilconfig 331ms (cache miss)
275 silly packumentCache full:https://registry.npmjs.org/lilconfig set size:undefined disposed:false
276 http fetch GET 200 https://registry.npmjs.org/didyoumean 290ms (cache miss)
277 silly packumentCache full:https://registry.npmjs.org/didyoumean set size:undefined disposed:false
278 http fetch GET 200 https://registry.npmjs.org/postcss-js 264ms (cache miss)
279 silly packumentCache full:https://registry.npmjs.org/postcss-js set size:undefined disposed:false
280 http fetch GET 200 https://registry.npmjs.org/object-hash 300ms (cache miss)
281 silly packumentCache full:https://registry.npmjs.org/object-hash set size:undefined disposed:false
282 http fetch GET 200 https://registry.npmjs.org/postcss-import 310ms (cache miss)
283 silly packumentCache full:https://registry.npmjs.org/postcss-import set size:undefined disposed:false
284 http fetch GET 200 https://registry.npmjs.org/postcss-nested 295ms (cache miss)
285 silly packumentCache full:https://registry.npmjs.org/postcss-nested set size:undefined disposed:false
286 http fetch GET 200 https://registry.npmjs.org/postcss-load-config 283ms (cache miss)
287 silly packumentCache full:https://registry.npmjs.org/postcss-load-config set size:undefined disposed:false
288 http fetch GET 200 https://registry.npmjs.org/@alloc%2fquick-lru 760ms (cache miss)
289 silly packumentCache full:https://registry.npmjs.org/@alloc%2fquick-lru set size:undefined disposed:false
290 silly placeDep ROOT @types/prop-types@15.7.15 OK for: @types/react@18.3.31 want: *
291 silly placeDep ROOT csstype@3.2.3 OK for: @types/react@18.3.31 want: ^3.2.2
292 silly placeDep ROOT @babel/core@7.29.7 OK for: @vitejs/plugin-react@4.7.0 want: ^7.28.0
293 silly placeDep ROOT @babel/plugin-transform-react-jsx-self@7.29.7 OK for: @vitejs/plugin-react@4.7.0 want: ^7.27.1
294 silly placeDep ROOT @babel/plugin-transform-react-jsx-source@7.29.7 OK for: @vitejs/plugin-react@4.7.0 want: ^7.27.1
295 silly placeDep ROOT @rolldown/pluginutils@1.0.0-beta.27 OK for: @vitejs/plugin-react@4.7.0 want: 1.0.0-beta.27
296 silly placeDep ROOT @types/babel__core@7.20.5 OK for: @vitejs/plugin-react@4.7.0 want: ^7.20.5
297 silly placeDep ROOT react-refresh@0.17.0 OK for: @vitejs/plugin-react@4.7.0 want: ^0.17.0
298 silly fetch manifest debug@^4.1.0
299 silly packumentCache full:https://registry.npmjs.org/debug cache-miss
300 silly fetch manifest json5@^2.2.3
301 silly packumentCache full:https://registry.npmjs.org/json5 cache-miss
302 silly fetch manifest semver@^6.3.1
303 silly packumentCache full:https://registry.npmjs.org/semver cache-miss
304 silly fetch manifest gensync@^1.0.0-beta.2
305 silly packumentCache full:https://registry.npmjs.org/gensync cache-miss
306 silly fetch manifest @babel/types@^7.29.7
307 silly packumentCache full:https://registry.npmjs.org/@babel%2ftypes cache-miss
308 silly fetch manifest @babel/parser@^7.29.7
309 silly packumentCache full:https://registry.npmjs.org/@babel%2fparser cache-miss
310 silly fetch manifest @babel/helpers@^7.29.7
311 silly packumentCache full:https://registry.npmjs.org/@babel%2fhelpers cache-miss
312 silly fetch manifest @babel/template@^7.29.7
313 silly packumentCache full:https://registry.npmjs.org/@babel%2ftemplate cache-miss
314 silly fetch manifest @babel/traverse@^7.29.7
315 silly packumentCache full:https://registry.npmjs.org/@babel%2ftraverse cache-miss
316 http fetch GET 200 https://registry.npmjs.org/gensync 27ms (cache miss)
317 silly packumentCache full:https://registry.npmjs.org/gensync set size:undefined disposed:false
318 silly fetch manifest @babel/generator@^7.29.7
319 silly packumentCache full:https://registry.npmjs.org/@babel%2fgenerator cache-miss
320 http fetch GET 200 https://registry.npmjs.org/json5 28ms (cache miss)
321 silly packumentCache full:https://registry.npmjs.org/json5 set size:undefined disposed:false
322 silly fetch manifest @babel/code-frame@^7.29.7
323 silly packumentCache full:https://registry.npmjs.org/@babel%2fcode-frame cache-miss
324 http fetch GET 200 https://registry.npmjs.org/debug 30ms (cache miss)
325 silly packumentCache full:https://registry.npmjs.org/debug set size:undefined disposed:false
326 silly fetch manifest convert-source-map@^2.0.0
327 silly packumentCache full:https://registry.npmjs.org/convert-source-map cache-miss
328 http fetch GET 200 https://registry.npmjs.org/semver 35ms (cache miss)
329 silly packumentCache full:https://registry.npmjs.org/semver set size:undefined disposed:false
330 silly fetch manifest @jridgewell/remapping@^2.3.5
331 silly packumentCache full:https://registry.npmjs.org/@jridgewell%2fremapping cache-miss
332 http fetch GET 200 https://registry.npmjs.org/@babel%2ftraverse 38ms (cache miss)
333 silly packumentCache full:https://registry.npmjs.org/@babel%2ftraverse set size:undefined disposed:false
334 silly fetch manifest @babel/helper-module-transforms@^7.29.7
335 silly packumentCache full:https://registry.npmjs.org/@babel%2fhelper-module-transforms cache-miss
336 http fetch GET 200 https://registry.npmjs.org/@babel%2ftypes 48ms (cache miss)
337 silly packumentCache full:https://registry.npmjs.org/@babel%2ftypes set size:undefined disposed:false
338 silly fetch manifest @babel/helper-compilation-targets@^7.29.7
339 silly packumentCache full:https://registry.npmjs.org/@babel%2fhelper-compilation-targets cache-miss
340 http fetch GET 200 https://registry.npmjs.org/@babel%2fparser 50ms (cache miss)
341 silly packumentCache full:https://registry.npmjs.org/@babel%2fparser set size:undefined disposed:false
342 silly fetch manifest @babel/helper-plugin-utils@^7.29.7
343 silly packumentCache full:https://registry.npmjs.org/@babel%2fhelper-plugin-utils cache-miss
344 http fetch GET 200 https://registry.npmjs.org/@babel%2fhelper-plugin-utils 30ms (cache miss)
345 silly packumentCache full:https://registry.npmjs.org/@babel%2fhelper-plugin-utils set size:undefined disposed:false
346 silly fetch manifest @babel/types@^7.20.7
347 silly packumentCache full:https://registry.npmjs.org/@babel%2ftypes cache-miss
348 http cache https://registry.npmjs.org/@babel%2ftypes 1ms (cache hit)
349 silly packumentCache full:https://registry.npmjs.org/@babel%2ftypes set size:507562 disposed:false
350 silly fetch manifest @babel/parser@^7.20.7
351 silly packumentCache full:https://registry.npmjs.org/@babel%2fparser cache-miss
352 http cache https://registry.npmjs.org/@babel%2fparser 2ms (cache hit)
353 silly packumentCache full:https://registry.npmjs.org/@babel%2fparser set size:745724 disposed:false
354 silly fetch manifest @types/babel__template@*
355 silly packumentCache full:https://registry.npmjs.org/@types%2fbabel__template cache-miss
356 http fetch GET 200 https://registry.npmjs.org/@babel%2ftemplate 299ms (cache miss)
357 silly packumentCache full:https://registry.npmjs.org/@babel%2ftemplate set size:undefined disposed:false
358 silly fetch manifest @types/babel__traverse@*
359 silly packumentCache full:https://registry.npmjs.org/@types%2fbabel__traverse cache-miss
360 http fetch GET 200 https://registry.npmjs.org/@babel%2fgenerator 291ms (cache miss)
361 silly packumentCache full:https://registry.npmjs.org/@babel%2fgenerator set size:undefined disposed:false
362 silly fetch manifest @types/babel__generator@*
363 silly packumentCache full:https://registry.npmjs.org/@types%2fbabel__generator cache-miss
364 http fetch GET 200 https://registry.npmjs.org/@babel%2fhelper-module-transforms 290ms (cache miss)
365 silly packumentCache full:https://registry.npmjs.org/@babel%2fhelper-module-transforms set size:undefined disposed:false
366 http fetch GET 200 https://registry.npmjs.org/convert-source-map 301ms (cache miss)
367 silly packumentCache full:https://registry.npmjs.org/convert-source-map set size:undefined disposed:false
368 http fetch GET 200 https://registry.npmjs.org/@babel%2fcode-frame 308ms (cache miss)
369 silly packumentCache full:https://registry.npmjs.org/@babel%2fcode-frame set size:undefined disposed:false
370 http fetch GET 200 https://registry.npmjs.org/@babel%2fhelper-compilation-targets 313ms (cache miss)
371 silly packumentCache full:https://registry.npmjs.org/@babel%2fhelper-compilation-targets set size:undefined disposed:false
372 http fetch GET 200 https://registry.npmjs.org/@types%2fbabel__template 295ms (cache miss)
373 silly packumentCache full:https://registry.npmjs.org/@types%2fbabel__template set size:undefined disposed:false
374 http fetch GET 200 https://registry.npmjs.org/@jridgewell%2fremapping 519ms (cache miss)
375 silly packumentCache full:https://registry.npmjs.org/@jridgewell%2fremapping set size:undefined disposed:false
376 http fetch GET 200 https://registry.npmjs.org/@babel%2fhelpers 567ms (cache miss)
377 silly packumentCache full:https://registry.npmjs.org/@babel%2fhelpers set size:undefined disposed:false
378 http fetch GET 200 https://registry.npmjs.org/@types%2fbabel__generator 299ms (cache miss)
379 silly packumentCache full:https://registry.npmjs.org/@types%2fbabel__generator set size:undefined disposed:false
380 http fetch GET 200 https://registry.npmjs.org/@types%2fbabel__traverse 334ms (cache miss)
381 silly packumentCache full:https://registry.npmjs.org/@types%2fbabel__traverse set size:undefined disposed:false
382 silly fetch manifest @babel/core@^7.0.0
383 silly packumentCache full:https://registry.npmjs.org/@babel%2fcore cache-miss
384 http cache https://registry.npmjs.org/@babel%2fcore 5ms (cache hit)
385 silly packumentCache full:https://registry.npmjs.org/@babel%2fcore set size:797193 disposed:false
386 silly placeDep ROOT @babel/code-frame@7.29.7 OK for: @babel/core@7.29.7 want: ^7.29.7
387 silly placeDep ROOT @babel/generator@7.29.8 OK for: @babel/core@7.29.7 want: ^7.29.7
388 silly placeDep ROOT @babel/helper-compilation-targets@7.29.7 OK for: @babel/core@7.29.7 want: ^7.29.7
389 silly placeDep ROOT @babel/helper-module-transforms@7.29.7 OK for: @babel/core@7.29.7 want: ^7.29.7
390 silly placeDep ROOT @babel/helpers@7.29.7 OK for: @babel/core@7.29.7 want: ^7.29.7
391 silly placeDep ROOT @babel/parser@7.29.9 OK for: @babel/core@7.29.7 want: ^7.29.7
392 silly placeDep ROOT @babel/template@7.29.7 OK for: @babel/core@7.29.7 want: ^7.29.7
393 silly placeDep ROOT @babel/traverse@7.29.8 OK for: @babel/core@7.29.7 want: ^7.29.7
394 silly placeDep ROOT @babel/types@7.29.8 OK for: @babel/core@7.29.7 want: ^7.29.7
395 silly placeDep ROOT @jridgewell/remapping@2.3.5 OK for: @babel/core@7.29.7 want: ^2.3.5
396 silly placeDep ROOT convert-source-map@2.0.0 OK for: @babel/core@7.29.7 want: ^2.0.0
397 silly placeDep ROOT debug@4.4.3 OK for: @babel/core@7.29.7 want: ^4.1.0
398 silly placeDep ROOT gensync@1.0.0-beta.2 OK for: @babel/core@7.29.7 want: ^1.0.0-beta.2
399 silly placeDep ROOT json5@2.2.3 OK for: @babel/core@7.29.7 want: ^2.2.3
400 silly placeDep ROOT semver@6.3.1 OK for: @babel/core@7.29.7 want: ^6.3.1
401 silly fetch manifest js-tokens@^4.0.0
402 silly packumentCache full:https://registry.npmjs.org/js-tokens cache-miss
403 silly fetch manifest @babel/helper-validator-identifier@^7.29.7
404 silly packumentCache full:https://registry.npmjs.org/@babel%2fhelper-validator-identifier cache-miss
405 silly fetch manifest jsesc@^3.0.2
406 silly packumentCache full:https://registry.npmjs.org/jsesc cache-miss
407 silly fetch manifest @babel/types@^7.29.8
408 silly packumentCache full:https://registry.npmjs.org/@babel%2ftypes cache-hit
409 silly fetch manifest @babel/parser@^7.29.8
410 silly packumentCache full:https://registry.npmjs.org/@babel%2fparser cache-hit
411 silly fetch manifest @jridgewell/gen-mapping@^0.3.12
412 silly packumentCache full:https://registry.npmjs.org/@jridgewell%2fgen-mapping cache-miss
413 silly fetch manifest @jridgewell/trace-mapping@^0.3.28
414 silly packumentCache full:https://registry.npmjs.org/@jridgewell%2ftrace-mapping cache-miss
415 silly fetch manifest lru-cache@^5.1.1
416 silly packumentCache full:https://registry.npmjs.org/lru-cache cache-miss
417 silly fetch manifest browserslist@^4.24.0
418 silly packumentCache full:https://registry.npmjs.org/browserslist cache-miss
419 silly fetch manifest @babel/compat-data@^7.29.7
420 silly packumentCache full:https://registry.npmjs.org/@babel%2fcompat-data cache-miss
421 silly fetch manifest @babel/helper-validator-option@^7.29.7
422 silly packumentCache full:https://registry.npmjs.org/@babel%2fhelper-validator-option cache-miss
423 http cache https://registry.npmjs.org/browserslist 5ms (cache hit)
424 silly packumentCache full:https://registry.npmjs.org/browserslist set size:523370 disposed:false
425 silly fetch manifest @babel/helper-module-imports@^7.29.7
426 silly packumentCache full:https://registry.npmjs.org/@babel%2fhelper-module-imports cache-miss
427 http fetch GET 200 https://registry.npmjs.org/@babel%2fhelper-validator-identifier 31ms (cache miss)
428 silly packumentCache full:https://registry.npmjs.org/@babel%2fhelper-validator-identifier set size:undefined disposed:false
429 silly fetch manifest debug@^4.3.1
430 silly packumentCache full:https://registry.npmjs.org/debug cache-miss
431 http cache https://registry.npmjs.org/debug 1ms (cache hit)
432 silly packumentCache full:https://registry.npmjs.org/debug set size:195840 disposed:false
433 silly fetch manifest @babel/helper-globals@^7.29.7
434 silly packumentCache full:https://registry.npmjs.org/@babel%2fhelper-globals cache-miss
435 http fetch GET 200 https://registry.npmjs.org/@babel%2fhelper-validator-option 34ms (cache miss)
436 silly packumentCache full:https://registry.npmjs.org/@babel%2fhelper-validator-option set size:undefined disposed:false
437 silly fetch manifest @babel/helper-string-parser@^7.29.7
438 silly packumentCache full:https://registry.npmjs.org/@babel%2fhelper-string-parser cache-miss
439 http fetch GET 200 https://registry.npmjs.org/@babel%2fhelper-module-imports 33ms (cache miss)
440 silly packumentCache full:https://registry.npmjs.org/@babel%2fhelper-module-imports set size:undefined disposed:false
441 silly fetch manifest @jridgewell/gen-mapping@^0.3.5
442 silly packumentCache full:https://registry.npmjs.org/@jridgewell%2fgen-mapping cache-miss
443 http fetch GET 200 https://registry.npmjs.org/lru-cache 47ms (cache miss)
444 silly packumentCache full:https://registry.npmjs.org/lru-cache set size:undefined disposed:false
445 silly fetch manifest @jridgewell/trace-mapping@^0.3.24
446 silly packumentCache full:https://registry.npmjs.org/@jridgewell%2ftrace-mapping cache-miss
447 http fetch GET 200 https://registry.npmjs.org/@jridgewell%2fgen-mapping 236ms (cache miss)
448 silly packumentCache full:https://registry.npmjs.org/@jridgewell%2fgen-mapping set size:undefined disposed:false
449 silly fetch manifest ms@^2.1.3
450 silly packumentCache full:https://registry.npmjs.org/ms cache-miss
451 http fetch GET 200 https://registry.npmjs.org/@jridgewell%2fgen-mapping 195ms (cache miss)
452 silly packumentCache full:https://registry.npmjs.org/@jridgewell%2fgen-mapping set size:undefined disposed:false
453 http fetch GET 200 https://registry.npmjs.org/ms 31ms (cache miss)
454 silly packumentCache full:https://registry.npmjs.org/ms set size:undefined disposed:false
455 http fetch GET 200 https://registry.npmjs.org/js-tokens 294ms (cache miss)
456 silly packumentCache full:https://registry.npmjs.org/js-tokens set size:undefined disposed:false
457 http fetch GET 200 https://registry.npmjs.org/jsesc 327ms (cache miss)
458 silly packumentCache full:https://registry.npmjs.org/jsesc set size:undefined disposed:false
459 http fetch GET 200 https://registry.npmjs.org/@jridgewell%2ftrace-mapping 476ms (cache miss)
460 silly packumentCache full:https://registry.npmjs.org/@jridgewell%2ftrace-mapping set size:undefined disposed:false
461 http fetch GET 200 https://registry.npmjs.org/@jridgewell%2ftrace-mapping 529ms (cache miss)
462 silly packumentCache full:https://registry.npmjs.org/@jridgewell%2ftrace-mapping set size:undefined disposed:false
463 http fetch GET 200 https://registry.npmjs.org/@babel%2fhelper-string-parser 551ms (cache miss)
464 silly packumentCache full:https://registry.npmjs.org/@babel%2fhelper-string-parser set size:undefined disposed:false
465 http fetch GET 200 https://registry.npmjs.org/@babel%2fhelper-globals 565ms (cache miss)
466 silly packumentCache full:https://registry.npmjs.org/@babel%2fhelper-globals set size:undefined disposed:false
467 http fetch GET 200 https://registry.npmjs.org/@babel%2fcompat-data 796ms (cache miss)
468 silly packumentCache full:https://registry.npmjs.org/@babel%2fcompat-data set size:undefined disposed:false
469 silly placeDep ROOT @babel/helper-validator-identifier@7.29.7 OK for: @babel/code-frame@7.29.7 want: ^7.29.7
470 silly placeDep ROOT js-tokens@4.0.0 OK for: @babel/code-frame@7.29.7 want: ^4.0.0
471 silly placeDep ROOT picocolors@1.1.1 OK for: @babel/code-frame@7.29.7 want: ^1.1.1
472 silly placeDep ROOT @jridgewell/gen-mapping@0.3.13 OK for: @babel/generator@7.29.8 want: ^0.3.12
473 silly placeDep ROOT @jridgewell/trace-mapping@0.3.31 OK for: @babel/generator@7.29.8 want: ^0.3.28
474 silly placeDep ROOT jsesc@3.1.0 OK for: @babel/generator@7.29.8 want: ^3.0.2
475 silly fetch manifest @jridgewell/sourcemap-codec@^1.5.0
476 silly packumentCache full:https://registry.npmjs.org/@jridgewell%2fsourcemap-codec cache-miss
477 silly fetch manifest @jridgewell/resolve-uri@^3.1.0
478 silly packumentCache full:https://registry.npmjs.org/@jridgewell%2fresolve-uri cache-miss
479 silly fetch manifest @jridgewell/sourcemap-codec@^1.4.14
480 silly packumentCache full:https://registry.npmjs.org/@jridgewell%2fsourcemap-codec cache-miss
481 http fetch GET 200 https://registry.npmjs.org/@jridgewell%2fsourcemap-codec 538ms (cache miss)
482 silly packumentCache full:https://registry.npmjs.org/@jridgewell%2fsourcemap-codec set size:undefined disposed:false
483 http fetch GET 200 https://registry.npmjs.org/@jridgewell%2fsourcemap-codec 539ms (cache miss)
484 silly packumentCache full:https://registry.npmjs.org/@jridgewell%2fsourcemap-codec set size:undefined disposed:false
485 http fetch GET 200 https://registry.npmjs.org/@jridgewell%2fresolve-uri 789ms (cache miss)
486 silly packumentCache full:https://registry.npmjs.org/@jridgewell%2fresolve-uri set size:undefined disposed:false
487 silly placeDep ROOT @babel/compat-data@7.29.7 OK for: @babel/helper-compilation-targets@7.29.7 want: ^7.29.7
488 silly placeDep ROOT @babel/helper-validator-option@7.29.7 OK for: @babel/helper-compilation-targets@7.29.7 want: ^7.29.7
489 silly placeDep ROOT browserslist@4.29.0 OK for: @babel/helper-compilation-targets@7.29.7 want: ^4.24.0
490 silly placeDep ROOT lru-cache@5.1.1 OK for: @babel/helper-compilation-targets@7.29.7 want: ^5.1.1
491 silly fetch manifest node-releases@^2.0.55
492 silly packumentCache full:https://registry.npmjs.org/node-releases cache-miss
493 silly fetch manifest electron-to-chromium@^1.5.427
494 silly packumentCache full:https://registry.npmjs.org/electron-to-chromium cache-miss
495 silly fetch manifest update-browserslist-db@^1.3.3
496 silly packumentCache full:https://registry.npmjs.org/update-browserslist-db cache-miss
497 silly fetch manifest baseline-browser-mapping@^2.11.23
498 silly packumentCache full:https://registry.npmjs.org/baseline-browser-mapping cache-miss
499 silly fetch manifest yallist@^3.0.2
500 silly packumentCache full:https://registry.npmjs.org/yallist cache-miss
501 http fetch GET 200 https://registry.npmjs.org/yallist 29ms (cache miss)
502 silly packumentCache full:https://registry.npmjs.org/yallist set size:undefined disposed:false
503 http fetch GET 200 https://registry.npmjs.org/electron-to-chromium 123ms (cache miss)
504 silly packumentCache full:https://registry.npmjs.org/electron-to-chromium set size:undefined disposed:false
505 http fetch GET 200 https://registry.npmjs.org/update-browserslist-db 310ms (cache miss)
506 silly packumentCache full:https://registry.npmjs.org/update-browserslist-db set size:undefined disposed:false
507 http fetch GET 200 https://registry.npmjs.org/node-releases 316ms (cache miss)
508 silly packumentCache full:https://registry.npmjs.org/node-releases set size:undefined disposed:false
509 http fetch GET 200 https://registry.npmjs.org/baseline-browser-mapping 320ms (cache miss)
510 silly packumentCache full:https://registry.npmjs.org/baseline-browser-mapping set size:undefined disposed:false
511 silly placeDep ROOT @babel/helper-module-imports@7.29.7 OK for: @babel/helper-module-transforms@7.29.7 want: ^7.29.7
512 silly placeDep ROOT @babel/helper-plugin-utils@7.29.7 OK for: @babel/plugin-transform-react-jsx-self@7.29.7 want: ^7.29.7
513 silly placeDep ROOT @babel/helper-globals@7.29.7 OK for: @babel/traverse@7.29.8 want: ^7.29.7
514 silly placeDep ROOT @babel/helper-string-parser@7.29.7 OK for: @babel/types@7.29.8 want: ^7.29.7
515 silly placeDep ROOT @jridgewell/sourcemap-codec@1.6.0 OK for: @jridgewell/gen-mapping@0.3.13 want: ^1.5.0
516 silly placeDep ROOT @jridgewell/resolve-uri@3.1.2 OK for: @jridgewell/trace-mapping@0.3.31 want: ^3.1.0
517 silly placeDep ROOT @types/babel__generator@7.27.0 OK for: @types/babel__core@7.20.5 want: *
518 silly placeDep ROOT @types/babel__template@7.4.4 OK for: @types/babel__core@7.20.5 want: *
519 silly placeDep ROOT @types/babel__traverse@7.28.0 OK for: @types/babel__core@7.20.5 want: *
520 silly placeDep ROOT caniuse-lite@1.0.30001810 OK for: autoprefixer@10.6.1 want: ^1.0.30001810
521 silly placeDep ROOT fraction.js@5.3.4 OK for: autoprefixer@10.6.1 want: ^5.3.4
522 silly placeDep ROOT postcss-value-parser@4.2.0 OK for: autoprefixer@10.6.1 want: ^4.2.0
523 silly fetch manifest browserslist@>= 4.21.0
524 silly packumentCache full:https://registry.npmjs.org/browserslist cache-hit
525 silly placeDep ROOT baseline-browser-mapping@2.11.25 OK for: browserslist@4.29.0 want: ^2.11.23
526 silly placeDep ROOT electron-to-chromium@1.5.438 OK for: browserslist@4.29.0 want: ^1.5.427
527 silly placeDep ROOT node-releases@2.0.57 OK for: browserslist@4.29.0 want: ^2.0.55
528 silly placeDep ROOT update-browserslist-db@1.3.3 OK for: browserslist@4.29.0 want: ^1.3.3
529 silly fetch manifest escalade@^3.2.0
530 silly packumentCache full:https://registry.npmjs.org/escalade cache-miss
531 http fetch GET 200 https://registry.npmjs.org/escalade 26ms (cache miss)
532 silly packumentCache full:https://registry.npmjs.org/escalade set size:undefined disposed:false
533 silly placeDep ROOT ms@2.1.3 OK for: debug@4.4.3 want: ^2.1.3
534 silly placeDep ROOT yallist@3.1.1 OK for: lru-cache@5.1.1 want: ^3.0.2
535 silly placeDep ROOT nanoid@3.3.19 OK for: postcss@8.5.28 want: ^3.3.18
536 silly placeDep ROOT source-map-js@1.2.1 OK for: postcss@8.5.28 want: ^1.2.1
537 silly placeDep ROOT loose-envify@1.4.0 OK for: react@18.3.1 want: ^1.1.0
538 silly placeDep ROOT scheduler@0.23.2 OK for: react-dom@18.3.1 want: ^0.23.2
539 silly fetch manifest postcss@^8.4.47
540 silly packumentCache full:https://registry.npmjs.org/postcss cache-hit
541 silly placeDep ROOT @alloc/quick-lru@5.3.0 OK for: tailwindcss@3.4.19 want: ^5.2.0
542 silly placeDep ROOT arg@5.0.2 OK for: tailwindcss@3.4.19 want: ^5.0.2
543 silly placeDep ROOT chokidar@3.6.0 OK for: tailwindcss@3.4.19 want: ^3.6.0
544 silly placeDep ROOT didyoumean@1.2.2 OK for: tailwindcss@3.4.19 want: ^1.2.2
545 silly placeDep ROOT dlv@1.1.3 OK for: tailwindcss@3.4.19 want: ^1.1.3
546 silly placeDep ROOT fast-glob@3.3.3 OK for: tailwindcss@3.4.19 want: ^3.3.2
547 silly placeDep ROOT glob-parent@6.0.2 OK for: tailwindcss@3.4.19 want: ^6.0.2
548 silly placeDep ROOT is-glob@4.0.3 OK for: tailwindcss@3.4.19 want: ^4.0.3
549 silly placeDep ROOT jiti@1.21.7 OK for: tailwindcss@3.4.19 want: ^1.21.7
550 silly placeDep ROOT lilconfig@3.1.3 OK for: tailwindcss@3.4.19 want: ^3.1.3
551 silly placeDep ROOT micromatch@4.0.8 OK for: tailwindcss@3.4.19 want: ^4.0.8
552 silly placeDep ROOT normalize-path@3.0.0 OK for: tailwindcss@3.4.19 want: ^3.0.0
553 silly placeDep ROOT object-hash@3.0.0 OK for: tailwindcss@3.4.19 want: ^3.0.0
554 silly placeDep ROOT postcss-import@15.1.0 OK for: tailwindcss@3.4.19 want: ^15.1.0
555 silly placeDep ROOT postcss-js@4.1.0 OK for: tailwindcss@3.4.19 want: ^4.0.1
556 silly placeDep ROOT postcss-load-config@6.0.1 OK for: tailwindcss@3.4.19 want: ^4.0.2 || ^5.0 || ^6.0
557 silly placeDep ROOT postcss-nested@6.2.0 OK for: tailwindcss@3.4.19 want: ^6.2.0
558 silly placeDep ROOT postcss-selector-parser@6.1.4 OK for: tailwindcss@3.4.19 want: ^6.1.2
559 silly placeDep ROOT resolve@1.22.12 OK for: tailwindcss@3.4.19 want: ^1.22.8
560 silly placeDep ROOT sucrase@3.35.1 OK for: tailwindcss@3.4.19 want: ^3.35.0
561 silly fetch manifest braces@~3.0.2
562 silly packumentCache full:https://registry.npmjs.org/braces cache-miss
563 silly fetch manifest is-glob@~4.0.1
564 silly packumentCache full:https://registry.npmjs.org/is-glob cache-miss
565 silly fetch manifest anymatch@~3.1.2
566 silly packumentCache full:https://registry.npmjs.org/anymatch cache-miss
567 silly fetch manifest readdirp@~3.6.0
568 silly packumentCache full:https://registry.npmjs.org/readdirp cache-miss
569 silly fetch manifest glob-parent@~5.1.2
570 silly packumentCache full:https://registry.npmjs.org/glob-parent cache-miss
571 silly fetch manifest is-binary-path@~2.1.0
572 silly packumentCache full:https://registry.npmjs.org/is-binary-path cache-miss
573 silly fetch manifest normalize-path@~3.0.0
574 silly packumentCache full:https://registry.npmjs.org/normalize-path cache-miss
575 silly fetch manifest fsevents@~2.3.2
576 silly packumentCache full:https://registry.npmjs.org/fsevents cache-miss
577 silly fetch manifest @nodelib/fs.stat@^2.0.2
578 silly packumentCache full:https://registry.npmjs.org/@nodelib%2ffs.stat cache-miss
579 http cache https://registry.npmjs.org/is-glob 3ms (cache hit)
580 silly packumentCache full:https://registry.npmjs.org/is-glob set size:40530 disposed:false
581 silly fetch manifest @nodelib/fs.walk@^1.2.3
582 silly packumentCache full:https://registry.npmjs.org/@nodelib%2ffs.walk cache-miss
583 http cache https://registry.npmjs.org/fsevents 4ms (cache hit)
584 silly packumentCache full:https://registry.npmjs.org/fsevents set size:182472 disposed:false
585 silly fetch manifest glob-parent@^5.1.2
586 silly packumentCache full:https://registry.npmjs.org/glob-parent cache-miss
587 http cache https://registry.npmjs.org/normalize-path 5ms (cache hit)
588 silly packumentCache full:https://registry.npmjs.org/normalize-path set size:28713 disposed:false
589 silly fetch manifest merge2@^1.3.0
590 silly packumentCache full:https://registry.npmjs.org/merge2 cache-miss
591 http cache https://registry.npmjs.org/glob-parent 6ms (cache hit)
592 silly packumentCache full:https://registry.npmjs.org/glob-parent set size:42445 disposed:false
593 silly fetch manifest is-extglob@^2.1.1
594 silly packumentCache full:https://registry.npmjs.org/is-extglob cache-miss
595 http cache https://registry.npmjs.org/glob-parent 2ms (cache hit)
596 silly packumentCache full:https://registry.npmjs.org/glob-parent set size:42445 disposed:false
597 silly packumentCache full:https://registry.npmjs.org/glob-parent dispose
598 silly fetch manifest braces@^3.0.3
599 silly packumentCache full:https://registry.npmjs.org/braces cache-miss
600 http fetch GET 200 https://registry.npmjs.org/is-extglob 23ms (cache miss)
601 silly packumentCache full:https://registry.npmjs.org/is-extglob set size:undefined disposed:false
602 silly fetch manifest picomatch@^2.3.1
603 silly packumentCache full:https://registry.npmjs.org/picomatch cache-miss
604 http fetch GET 200 https://registry.npmjs.org/braces 30ms (cache miss)
605 silly packumentCache full:https://registry.npmjs.org/braces set size:undefined disposed:false
606 silly fetch manifest resolve@^1.1.7
607 silly packumentCache full:https://registry.npmjs.org/resolve cache-miss
608 http cache https://registry.npmjs.org/picomatch 2ms (cache hit)
609 silly packumentCache full:https://registry.npmjs.org/picomatch set size:134451 disposed:false
610 silly fetch manifest read-cache@^1.0.0
611 silly packumentCache full:https://registry.npmjs.org/read-cache cache-miss
612 http cache https://registry.npmjs.org/resolve 3ms (cache hit)
613 silly packumentCache full:https://registry.npmjs.org/resolve set size:244568 disposed:false
614 silly fetch manifest camelcase-css@^2.0.1
615 silly packumentCache full:https://registry.npmjs.org/camelcase-css cache-miss
616 http fetch GET 200 https://registry.npmjs.org/braces 28ms (cache miss)
617 silly packumentCache full:https://registry.npmjs.org/braces set size:undefined disposed:false
618 silly fetch manifest postcss-selector-parser@^6.1.1
619 silly packumentCache full:https://registry.npmjs.org/postcss-selector-parser cache-miss
620 http cache https://registry.npmjs.org/postcss-selector-parser 1ms (cache hit)
621 silly packumentCache full:https://registry.npmjs.org/postcss-selector-parser set size:199901 disposed:false
622 silly fetch manifest cssesc@^3.0.0
623 silly packumentCache full:https://registry.npmjs.org/cssesc cache-miss
624 http fetch GET 200 https://registry.npmjs.org/anymatch 289ms (cache miss)
625 silly packumentCache full:https://registry.npmjs.org/anymatch set size:undefined disposed:false
626 silly fetch manifest util-deprecate@^1.0.2
627 silly packumentCache full:https://registry.npmjs.org/util-deprecate cache-miss
628 http fetch GET 200 https://registry.npmjs.org/merge2 287ms (cache miss)
629 silly packumentCache full:https://registry.npmjs.org/merge2 set size:undefined disposed:false
630 silly fetch manifest es-errors@^1.3.0
631 silly packumentCache full:https://registry.npmjs.org/es-errors cache-miss
632 http fetch GET 200 https://registry.npmjs.org/util-deprecate 23ms (cache miss)
633 silly packumentCache full:https://registry.npmjs.org/util-deprecate set size:undefined disposed:false
634 silly fetch manifest path-parse@^1.0.7
635 silly packumentCache full:https://registry.npmjs.org/path-parse cache-miss
636 http fetch GET 200 https://registry.npmjs.org/is-binary-path 318ms (cache miss)
637 silly packumentCache full:https://registry.npmjs.org/is-binary-path set size:undefined disposed:false
638 silly fetch manifest is-core-module@^2.16.1
639 silly packumentCache full:https://registry.npmjs.org/is-core-module cache-miss
640 http fetch GET 200 https://registry.npmjs.org/es-errors 25ms (cache miss)
641 silly packumentCache full:https://registry.npmjs.org/es-errors set size:undefined disposed:false
642 silly fetch manifest supports-preserve-symlinks-flag@^1.0.0
643 silly packumentCache full:https://registry.npmjs.org/supports-preserve-symlinks-flag cache-miss
644 http fetch GET 200 https://registry.npmjs.org/camelcase-css 288ms (cache miss)
645 silly packumentCache full:https://registry.npmjs.org/camelcase-css set size:undefined disposed:false
646 silly fetch manifest commander@^4.0.0
647 silly packumentCache full:https://registry.npmjs.org/commander cache-miss
648 http fetch GET 200 https://registry.npmjs.org/cssesc 289ms (cache miss)
649 silly packumentCache full:https://registry.npmjs.org/cssesc set size:undefined disposed:false
650 silly fetch manifest lines-and-columns@^1.1.6
651 silly packumentCache full:https://registry.npmjs.org/lines-and-columns cache-miss
652 http fetch GET 200 https://registry.npmjs.org/path-parse 22ms (cache miss)
653 silly packumentCache full:https://registry.npmjs.org/path-parse set size:undefined disposed:false
654 silly fetch manifest mz@^2.7.0
655 silly packumentCache full:https://registry.npmjs.org/mz cache-miss
656 http fetch GET 200 https://registry.npmjs.org/supports-preserve-symlinks-flag 18ms (cache miss)
657 silly packumentCache full:https://registry.npmjs.org/supports-preserve-symlinks-flag set size:undefined disposed:false
658 silly fetch manifest pirates@^4.0.1
659 silly packumentCache full:https://registry.npmjs.org/pirates cache-miss
660 http fetch GET 200 https://registry.npmjs.org/read-cache 314ms (cache miss)
661 silly packumentCache full:https://registry.npmjs.org/read-cache set size:undefined disposed:false
662 silly fetch manifest tinyglobby@^0.2.11
663 silly packumentCache full:https://registry.npmjs.org/tinyglobby cache-miss
664 http fetch GET 200 https://registry.npmjs.org/is-core-module 29ms (cache miss)
665 silly packumentCache full:https://registry.npmjs.org/is-core-module set size:undefined disposed:false
666 silly fetch manifest ts-interface-checker@^0.1.9
667 silly packumentCache full:https://registry.npmjs.org/ts-interface-checker cache-miss
668 http cache https://registry.npmjs.org/tinyglobby 4ms (cache hit)
669 silly packumentCache full:https://registry.npmjs.org/tinyglobby set size:54291 disposed:false
670 http fetch GET 200 https://registry.npmjs.org/lines-and-columns 24ms (cache miss)
671 silly packumentCache full:https://registry.npmjs.org/lines-and-columns set size:undefined disposed:false
672 http fetch GET 200 https://registry.npmjs.org/mz 29ms (cache miss)
673 silly packumentCache full:https://registry.npmjs.org/mz set size:undefined disposed:false
674 http fetch GET 200 https://registry.npmjs.org/readdirp 381ms (cache miss)
675 silly packumentCache full:https://registry.npmjs.org/readdirp set size:undefined disposed:false
676 http fetch GET 200 https://registry.npmjs.org/pirates 293ms (cache miss)
677 silly packumentCache full:https://registry.npmjs.org/pirates set size:undefined disposed:false
678 http fetch GET 200 https://registry.npmjs.org/commander 311ms (cache miss)
679 silly packumentCache full:https://registry.npmjs.org/commander set size:undefined disposed:false
680 http fetch GET 200 https://registry.npmjs.org/@nodelib%2ffs.stat 767ms (cache miss)
681 silly packumentCache full:https://registry.npmjs.org/@nodelib%2ffs.stat set size:undefined disposed:false
682 http fetch GET 200 https://registry.npmjs.org/@nodelib%2ffs.walk 786ms (cache miss)
683 silly packumentCache full:https://registry.npmjs.org/@nodelib%2ffs.walk set size:undefined disposed:false
684 http fetch GET 200 https://registry.npmjs.org/ts-interface-checker 574ms (cache miss)
685 silly packumentCache full:https://registry.npmjs.org/ts-interface-checker set size:undefined disposed:false
686 silly placeDep ROOT anymatch@3.1.3 OK for: chokidar@3.6.0 want: ~3.1.2
687 silly placeDep ROOT braces@3.0.3 OK for: chokidar@3.6.0 want: ~3.0.2
688 silly placeDep ROOT fsevents@2.3.3 OK for: chokidar@3.6.0 want: ~2.3.2
689 silly placeDep node_modules/chokidar glob-parent@5.1.2 OK for: chokidar@3.6.0 want: ~5.1.2
690 silly placeDep ROOT is-binary-path@2.1.0 OK for: chokidar@3.6.0 want: ~2.1.0
691 silly placeDep ROOT readdirp@3.6.0 OK for: chokidar@3.6.0 want: ~3.6.0
692 silly fetch manifest picomatch@^2.0.4
693 silly packumentCache full:https://registry.npmjs.org/picomatch cache-hit
694 silly fetch manifest fill-range@^7.1.1
695 silly packumentCache full:https://registry.npmjs.org/fill-range cache-miss
696 silly fetch manifest binary-extensions@^2.0.0
697 silly packumentCache full:https://registry.npmjs.org/binary-extensions cache-miss
698 silly fetch manifest picomatch@^2.2.1
699 silly packumentCache full:https://registry.npmjs.org/picomatch cache-hit
700 http fetch GET 200 https://registry.npmjs.org/fill-range 29ms (cache miss)
701 silly packumentCache full:https://registry.npmjs.org/fill-range set size:undefined disposed:false
702 http fetch GET 200 https://registry.npmjs.org/binary-extensions 382ms (cache miss)
703 silly packumentCache full:https://registry.npmjs.org/binary-extensions set size:undefined disposed:false
704 silly placeDep ROOT picomatch@2.3.2 OK for: anymatch@3.1.3 want: ^2.0.4
705 silly placeDep ROOT fill-range@7.1.1 OK for: braces@3.0.3 want: ^7.1.1
706 silly fetch manifest to-regex-range@^5.0.1
707 silly packumentCache full:https://registry.npmjs.org/to-regex-range cache-miss
708 http fetch GET 200 https://registry.npmjs.org/to-regex-range 291ms (cache miss)
709 silly packumentCache full:https://registry.npmjs.org/to-regex-range set size:undefined disposed:false
710 silly placeDep ROOT @nodelib/fs.stat@2.0.5 OK for: fast-glob@3.3.3 want: ^2.0.2
711 silly placeDep ROOT @nodelib/fs.walk@1.2.8 OK for: fast-glob@3.3.3 want: ^1.2.3
712 silly placeDep node_modules/fast-glob glob-parent@5.1.2 OK for: fast-glob@3.3.3 want: ^5.1.2
713 silly placeDep ROOT merge2@1.4.1 OK for: fast-glob@3.3.3 want: ^1.3.0
714 silly fetch manifest fastq@^1.6.0
715 silly packumentCache full:https://registry.npmjs.org/fastq cache-miss
716 silly fetch manifest @nodelib/fs.scandir@2.1.5
717 silly packumentCache full:https://registry.npmjs.org/@nodelib%2ffs.scandir cache-miss
718 http fetch GET 200 https://registry.npmjs.org/fastq 298ms (cache miss)
719 silly packumentCache full:https://registry.npmjs.org/fastq set size:undefined disposed:false
720 http fetch GET 200 https://registry.npmjs.org/@nodelib%2ffs.scandir 802ms (cache miss)
721 silly packumentCache full:https://registry.npmjs.org/@nodelib%2ffs.scandir set size:undefined disposed:false
722 silly placeDep ROOT @nodelib/fs.scandir@2.1.5 OK for: @nodelib/fs.walk@1.2.8 want: 2.1.5
723 silly placeDep ROOT fastq@1.20.3 OK for: @nodelib/fs.walk@1.2.8 want: ^1.6.0
724 silly fetch manifest run-parallel@^1.1.9
725 silly packumentCache full:https://registry.npmjs.org/run-parallel cache-miss
726 silly fetch manifest reusify@^1.0.4
727 silly packumentCache full:https://registry.npmjs.org/reusify cache-miss
728 http fetch GET 200 https://registry.npmjs.org/reusify 263ms (cache miss)
729 silly packumentCache full:https://registry.npmjs.org/reusify set size:undefined disposed:false
730 http fetch GET 200 https://registry.npmjs.org/run-parallel 311ms (cache miss)
731 silly packumentCache full:https://registry.npmjs.org/run-parallel set size:undefined disposed:false
732 silly placeDep ROOT run-parallel@1.2.0 OK for: @nodelib/fs.scandir@2.1.5 want: ^1.1.9
733 silly fetch manifest queue-microtask@^1.2.2
734 silly packumentCache full:https://registry.npmjs.org/queue-microtask cache-miss
735 http fetch GET 200 https://registry.npmjs.org/queue-microtask 283ms (cache miss)
736 silly packumentCache full:https://registry.npmjs.org/queue-microtask set size:undefined disposed:false
737 silly placeDep ROOT reusify@1.1.0 OK for: fastq@1.20.3 want: ^1.0.4
738 silly placeDep ROOT to-regex-range@5.0.1 OK for: fill-range@7.1.1 want: ^5.0.1
739 silly fetch manifest is-number@^7.0.0
740 silly packumentCache full:https://registry.npmjs.org/is-number cache-miss
741 http fetch GET 200 https://registry.npmjs.org/is-number 25ms (cache miss)
742 silly packumentCache full:https://registry.npmjs.org/is-number set size:undefined disposed:false
743 silly placeDep ROOT binary-extensions@2.3.0 OK for: is-binary-path@2.1.0 want: ^2.0.0
744 silly placeDep ROOT is-extglob@2.1.1 OK for: is-glob@4.0.3 want: ^2.1.1
745 silly placeDep ROOT read-cache@1.0.2 OK for: postcss-import@15.1.0 want: ^1.0.0
746 silly placeDep ROOT camelcase-css@2.0.1 OK for: postcss-js@4.1.0 want: ^2.0.1
747 silly placeDep ROOT cssesc@3.0.0 OK for: postcss-selector-parser@6.1.4 want: ^3.0.0
748 silly placeDep ROOT util-deprecate@1.0.2 OK for: postcss-selector-parser@6.1.4 want: ^1.0.2
749 silly placeDep ROOT es-errors@1.3.0 OK for: resolve@1.22.12 want: ^1.3.0
750 silly placeDep ROOT is-core-module@2.17.0 OK for: resolve@1.22.12 want: ^2.16.1
751 silly placeDep ROOT path-parse@1.0.7 OK for: resolve@1.22.12 want: ^1.0.7
752 silly placeDep ROOT supports-preserve-symlinks-flag@1.0.0 OK for: resolve@1.22.12 want: ^1.0.0
753 silly fetch manifest hasown@^2.0.4
754 silly packumentCache full:https://registry.npmjs.org/hasown cache-miss
755 http fetch GET 200 https://registry.npmjs.org/hasown 23ms (cache miss)
756 silly packumentCache full:https://registry.npmjs.org/hasown set size:undefined disposed:false
757 silly placeDep ROOT hasown@2.0.4 OK for: is-core-module@2.17.0 want: ^2.0.4
758 silly fetch manifest function-bind@^1.1.2
759 silly packumentCache full:https://registry.npmjs.org/function-bind cache-miss
760 http fetch GET 200 https://registry.npmjs.org/function-bind 25ms (cache miss)
761 silly packumentCache full:https://registry.npmjs.org/function-bind set size:undefined disposed:false
762 silly placeDep ROOT function-bind@1.1.2 OK for: hasown@2.0.4 want: ^1.1.2
763 silly placeDep ROOT queue-microtask@1.2.3 OK for: run-parallel@1.2.0 want: ^1.2.2
764 silly placeDep ROOT commander@4.1.1 OK for: sucrase@3.35.1 want: ^4.0.0
765 silly placeDep ROOT lines-and-columns@1.2.4 OK for: sucrase@3.35.1 want: ^1.1.6
766 silly placeDep ROOT mz@2.7.0 OK for: sucrase@3.35.1 want: ^2.7.0
767 silly placeDep ROOT pirates@4.0.7 OK for: sucrase@3.35.1 want: ^4.0.1
768 silly placeDep ROOT tinyglobby@0.2.17 OK for: sucrase@3.35.1 want: ^0.2.11
769 silly placeDep ROOT ts-interface-checker@0.1.13 OK for: sucrase@3.35.1 want: ^0.1.9
770 silly fetch manifest any-promise@^1.0.0
771 silly packumentCache full:https://registry.npmjs.org/any-promise cache-miss
772 silly fetch manifest object-assign@^4.0.1
773 silly packumentCache full:https://registry.npmjs.org/object-assign cache-miss
774 silly fetch manifest thenify-all@^1.0.0
775 silly packumentCache full:https://registry.npmjs.org/thenify-all cache-miss
776 silly fetch manifest fdir@^6.5.0
777 silly packumentCache full:https://registry.npmjs.org/fdir cache-miss
778 silly fetch manifest picomatch@^4.0.4
779 silly packumentCache full:https://registry.npmjs.org/picomatch cache-hit
780 http cache https://registry.npmjs.org/fdir 5ms (cache hit)
781 silly packumentCache full:https://registry.npmjs.org/fdir set size:136182 disposed:false
782 http fetch GET 200 https://registry.npmjs.org/object-assign 28ms (cache miss)
783 silly packumentCache full:https://registry.npmjs.org/object-assign set size:undefined disposed:false
784 http fetch GET 200 https://registry.npmjs.org/any-promise 267ms (cache miss)
785 silly packumentCache full:https://registry.npmjs.org/any-promise set size:undefined disposed:false
786 http fetch GET 200 https://registry.npmjs.org/thenify-all 293ms (cache miss)
787 silly packumentCache full:https://registry.npmjs.org/thenify-all set size:undefined disposed:false
788 silly placeDep ROOT any-promise@1.3.0 OK for: mz@2.7.0 want: ^1.0.0
789 silly placeDep ROOT object-assign@4.1.1 OK for: mz@2.7.0 want: ^4.0.1
790 silly placeDep ROOT thenify-all@1.6.0 OK for: mz@2.7.0 want: ^1.0.0
791 silly fetch manifest thenify@>= 3.1.0 < 4
792 silly packumentCache full:https://registry.npmjs.org/thenify cache-miss
793 http fetch GET 200 https://registry.npmjs.org/thenify 20ms (cache miss)
794 silly packumentCache full:https://registry.npmjs.org/thenify set size:undefined disposed:false
795 silly placeDep ROOT thenify@3.3.1 OK for: thenify-all@1.6.0 want: >= 3.1.0 < 4
796 silly placeDep node_modules/tinyglobby fdir@6.5.0 OK for: tinyglobby@0.2.17 want: ^6.5.0
797 silly placeDep node_modules/tinyglobby picomatch@4.0.7 OK for: fdir@6.5.0 want: ^3 || ^4
798 silly placeDep ROOT is-number@7.0.0 OK for: to-regex-range@5.0.1 want: ^7.0.0
799 silly placeDep ROOT escalade@3.2.0 OK for: update-browserslist-db@1.3.3 want: ^3.2.0
800 silly placeDep ROOT esbuild@0.25.12 OK for: vite@6.4.3 want: ^0.25.0
801 silly placeDep node_modules/vite fdir@6.5.0 OK for: vite@6.4.3 want: ^6.4.4
802 silly placeDep node_modules/vite picomatch@4.0.7 OK for: fdir@6.5.0 want: ^3 || ^4
803 silly placeDep ROOT rollup@4.63.4 OK for: vite@6.4.3 want: ^4.34.9
804 silly fetch manifest @esbuild/aix-ppc64@0.25.12
805 silly packumentCache full:https://registry.npmjs.org/@esbuild%2faix-ppc64 cache-miss
806 silly fetch manifest @esbuild/linux-arm@0.25.12
807 silly packumentCache full:https://registry.npmjs.org/@esbuild%2flinux-arm cache-miss
808 silly fetch manifest @esbuild/linux-x64@0.25.12
809 silly packumentCache full:https://registry.npmjs.org/@esbuild%2flinux-x64 cache-miss
810 silly fetch manifest @esbuild/sunos-x64@0.25.12
811 silly packumentCache full:https://registry.npmjs.org/@esbuild%2fsunos-x64 cache-miss
812 silly fetch manifest @esbuild/win32-x64@0.25.12
813 silly packumentCache full:https://registry.npmjs.org/@esbuild%2fwin32-x64 cache-miss
814 silly fetch manifest @esbuild/darwin-x64@0.25.12
815 silly packumentCache full:https://registry.npmjs.org/@esbuild%2fdarwin-x64 cache-miss
816 silly fetch manifest @esbuild/linux-ia32@0.25.12
817 silly packumentCache full:https://registry.npmjs.org/@esbuild%2flinux-ia32 cache-miss
818 silly fetch manifest @esbuild/netbsd-x64@0.25.12
819 silly packumentCache full:https://registry.npmjs.org/@esbuild%2fnetbsd-x64 cache-miss
820 silly fetch manifest @esbuild/win32-ia32@0.25.12
821 silly packumentCache full:https://registry.npmjs.org/@esbuild%2fwin32-ia32 cache-miss
822 http fetch GET 200 https://registry.npmjs.org/@esbuild%2faix-ppc64 27ms (cache miss)
823 silly packumentCache full:https://registry.npmjs.org/@esbuild%2faix-ppc64 set size:undefined disposed:false
824 silly fetch manifest @esbuild/android-arm@0.25.12
825 silly packumentCache full:https://registry.npmjs.org/@esbuild%2fandroid-arm cache-miss
826 http fetch GET 200 https://registry.npmjs.org/@esbuild%2fdarwin-x64 30ms (cache miss)
827 silly packumentCache full:https://registry.npmjs.org/@esbuild%2fdarwin-x64 set size:undefined disposed:false
828 silly fetch manifest @esbuild/android-x64@0.25.12
829 silly packumentCache full:https://registry.npmjs.org/@esbuild%2fandroid-x64 cache-miss
830 http fetch GET 200 https://registry.npmjs.org/@esbuild%2flinux-arm 32ms (cache miss)
831 silly packumentCache full:https://registry.npmjs.org/@esbuild%2flinux-arm set size:undefined disposed:false
832 silly fetch manifest @esbuild/freebsd-x64@0.25.12
833 silly packumentCache full:https://registry.npmjs.org/@esbuild%2ffreebsd-x64 cache-miss
834 http fetch GET 200 https://registry.npmjs.org/@esbuild%2fwin32-x64 34ms (cache miss)
835 silly packumentCache full:https://registry.npmjs.org/@esbuild%2fwin32-x64 set size:undefined disposed:false
836 silly fetch manifest @esbuild/linux-arm64@0.25.12
837 silly packumentCache full:https://registry.npmjs.org/@esbuild%2flinux-arm64 cache-miss
838 http fetch GET 200 https://registry.npmjs.org/@esbuild%2fsunos-x64 38ms (cache miss)
839 silly packumentCache full:https://registry.npmjs.org/@esbuild%2fsunos-x64 set size:undefined disposed:false
840 silly fetch manifest @esbuild/linux-ppc64@0.25.12
841 silly packumentCache full:https://registry.npmjs.org/@esbuild%2flinux-ppc64 cache-miss
842 http fetch GET 200 https://registry.npmjs.org/@esbuild%2flinux-x64 44ms (cache miss)
843 silly packumentCache full:https://registry.npmjs.org/@esbuild%2flinux-x64 set size:undefined disposed:false
844 silly fetch manifest @esbuild/linux-s390x@0.25.12
845 silly packumentCache full:https://registry.npmjs.org/@esbuild%2flinux-s390x cache-miss
846 http fetch GET 200 https://registry.npmjs.org/@esbuild%2flinux-ia32 62ms (cache miss)
847 silly packumentCache full:https://registry.npmjs.org/@esbuild%2flinux-ia32 set size:undefined disposed:false
848 silly fetch manifest @esbuild/openbsd-x64@0.25.12
849 silly packumentCache full:https://registry.npmjs.org/@esbuild%2fopenbsd-x64 cache-miss
850 http fetch GET 200 https://registry.npmjs.org/@esbuild%2fwin32-ia32 203ms (cache miss)
851 silly packumentCache full:https://registry.npmjs.org/@esbuild%2fwin32-ia32 set size:undefined disposed:false
852 silly fetch manifest @esbuild/win32-arm64@0.25.12
853 silly packumentCache full:https://registry.npmjs.org/@esbuild%2fwin32-arm64 cache-miss
854 http fetch GET 200 https://registry.npmjs.org/@esbuild%2ffreebsd-x64 174ms (cache miss)
855 silly packumentCache full:https://registry.npmjs.org/@esbuild%2ffreebsd-x64 set size:undefined disposed:false
856 silly fetch manifest @esbuild/darwin-arm64@0.25.12
857 silly packumentCache full:https://registry.npmjs.org/@esbuild%2fdarwin-arm64 cache-miss
858 http fetch GET 200 https://registry.npmjs.org/@esbuild%2fnetbsd-x64 215ms (cache miss)
859 silly packumentCache full:https://registry.npmjs.org/@esbuild%2fnetbsd-x64 set size:undefined disposed:false
860 silly fetch manifest @esbuild/netbsd-arm64@0.25.12
861 silly packumentCache full:https://registry.npmjs.org/@esbuild%2fnetbsd-arm64 cache-miss
862 http fetch GET 200 https://registry.npmjs.org/@esbuild%2flinux-arm64 181ms (cache miss)
863 silly packumentCache full:https://registry.npmjs.org/@esbuild%2flinux-arm64 set size:undefined disposed:false
864 silly fetch manifest @esbuild/android-arm64@0.25.12
865 silly packumentCache full:https://registry.npmjs.org/@esbuild%2fandroid-arm64 cache-miss
866 http fetch GET 200 https://registry.npmjs.org/@esbuild%2fandroid-arm 194ms (cache miss)
867 silly packumentCache full:https://registry.npmjs.org/@esbuild%2fandroid-arm set size:undefined disposed:false
868 silly fetch manifest @esbuild/freebsd-arm64@0.25.12
869 silly packumentCache full:https://registry.npmjs.org/@esbuild%2ffreebsd-arm64 cache-miss
870 http fetch GET 200 https://registry.npmjs.org/@esbuild%2flinux-s390x 504ms (cache miss)
871 silly packumentCache full:https://registry.npmjs.org/@esbuild%2flinux-s390x set size:undefined disposed:false
872 silly fetch manifest @esbuild/linux-loong64@0.25.12
873 silly packumentCache full:https://registry.npmjs.org/@esbuild%2flinux-loong64 cache-miss
874 http fetch GET 200 https://registry.npmjs.org/@esbuild%2flinux-ppc64 518ms (cache miss)
875 silly packumentCache full:https://registry.npmjs.org/@esbuild%2flinux-ppc64 set size:undefined disposed:false
876 silly fetch manifest @esbuild/linux-riscv64@0.25.12
877 silly packumentCache full:https://registry.npmjs.org/@esbuild%2flinux-riscv64 cache-miss
878 http fetch GET 200 https://registry.npmjs.org/@esbuild%2fdarwin-arm64 474ms (cache miss)
879 silly packumentCache full:https://registry.npmjs.org/@esbuild%2fdarwin-arm64 set size:undefined disposed:false
880 silly fetch manifest @esbuild/openbsd-arm64@0.25.12
881 silly packumentCache full:https://registry.npmjs.org/@esbuild%2fopenbsd-arm64 cache-miss
882 http fetch GET 200 https://registry.npmjs.org/@esbuild%2fandroid-x64 663ms (cache miss)
883 silly packumentCache full:https://registry.npmjs.org/@esbuild%2fandroid-x64 set size:undefined disposed:false
884 silly fetch manifest @esbuild/linux-mips64el@0.25.12
885 silly packumentCache full:https://registry.npmjs.org/@esbuild%2flinux-mips64el cache-miss
886 http fetch GET 200 https://registry.npmjs.org/@esbuild%2fnetbsd-arm64 496ms (cache miss)
887 silly packumentCache full:https://registry.npmjs.org/@esbuild%2fnetbsd-arm64 set size:undefined disposed:false
888 silly fetch manifest @esbuild/openharmony-arm64@0.25.12
889 silly packumentCache full:https://registry.npmjs.org/@esbuild%2fopenharmony-arm64 cache-miss
890 http fetch GET 200 https://registry.npmjs.org/@esbuild%2fandroid-arm64 497ms (cache miss)
891 silly packumentCache full:https://registry.npmjs.org/@esbuild%2fandroid-arm64 set size:undefined disposed:false
892 silly fetch manifest @types/estree@1.0.9
893 silly packumentCache full:https://registry.npmjs.org/@types%2festree cache-miss
894 http fetch GET 200 https://registry.npmjs.org/@types%2festree 40ms (cache miss)
895 silly packumentCache full:https://registry.npmjs.org/@types%2festree set size:undefined disposed:false
896 silly fetch manifest @rollup/rollup-darwin-x64@4.63.4
897 silly packumentCache full:https://registry.npmjs.org/@rollup%2frollup-darwin-x64 cache-miss
898 http fetch GET 200 https://registry.npmjs.org/@esbuild%2flinux-riscv64 245ms (cache miss)
899 silly packumentCache full:https://registry.npmjs.org/@esbuild%2flinux-riscv64 set size:undefined disposed:false
900 silly fetch manifest @rollup/rollup-freebsd-x64@4.63.4
901 silly packumentCache full:https://registry.npmjs.org/@rollup%2frollup-freebsd-x64 cache-miss
902 http fetch GET 200 https://registry.npmjs.org/@esbuild%2fopenbsd-x64 760ms (cache miss)
903 silly packumentCache full:https://registry.npmjs.org/@esbuild%2fopenbsd-x64 set size:undefined disposed:false
904 silly fetch manifest @rollup/rollup-openbsd-x64@4.63.4
905 silly packumentCache full:https://registry.npmjs.org/@rollup%2frollup-openbsd-x64 cache-miss
906 http fetch GET 200 https://registry.npmjs.org/@esbuild%2ffreebsd-arm64 629ms (cache miss)
907 silly packumentCache full:https://registry.npmjs.org/@esbuild%2ffreebsd-arm64 set size:undefined disposed:false
908 silly fetch manifest @napi-rs/lzma-linux-x64-gnu@1.5.1
909 silly packumentCache full:https://registry.npmjs.org/@napi-rs%2flzma-linux-x64-gnu cache-miss
910 http fetch GET 200 https://registry.npmjs.org/@esbuild%2flinux-loong64 326ms (cache miss)
911 silly packumentCache full:https://registry.npmjs.org/@esbuild%2flinux-loong64 set size:undefined disposed:false
912 silly fetch manifest @rollup/rollup-darwin-arm64@4.63.4
913 silly packumentCache full:https://registry.npmjs.org/@rollup%2frollup-darwin-arm64 cache-miss
914 http fetch GET 200 https://registry.npmjs.org/@esbuild%2fopenbsd-arm64 249ms (cache miss)
915 silly packumentCache full:https://registry.npmjs.org/@esbuild%2fopenbsd-arm64 set size:undefined disposed:false
916 silly fetch manifest @rollup/rollup-android-arm64@4.63.4
917 silly packumentCache full:https://registry.npmjs.org/@rollup%2frollup-android-arm64 cache-miss
918 http fetch GET 200 https://registry.npmjs.org/@esbuild%2fwin32-arm64 795ms (cache miss)
919 silly packumentCache full:https://registry.npmjs.org/@esbuild%2fwin32-arm64 set size:undefined disposed:false
920 silly fetch manifest @rollup/rollup-freebsd-arm64@4.63.4
921 silly packumentCache full:https://registry.npmjs.org/@rollup%2frollup-freebsd-arm64 cache-miss
922 http fetch GET 200 https://registry.npmjs.org/@rollup%2frollup-openbsd-x64 233ms (cache miss)
923 silly packumentCache full:https://registry.npmjs.org/@rollup%2frollup-openbsd-x64 set size:undefined disposed:false
924 silly fetch manifest @rollup/rollup-linux-x64-gnu@4.63.4
925 silly packumentCache full:https://registry.npmjs.org/@rollup%2frollup-linux-x64-gnu cache-miss
926 http fetch GET 200 https://registry.npmjs.org/@napi-rs%2flzma-linux-x64-gnu 225ms (cache miss)
927 silly packumentCache full:https://registry.npmjs.org/@napi-rs%2flzma-linux-x64-gnu set size:undefined disposed:false
928 silly fetch manifest @rollup/rollup-win32-x64-gnu@4.63.4
929 silly packumentCache full:https://registry.npmjs.org/@rollup%2frollup-win32-x64-gnu cache-miss
930 http fetch GET 200 https://registry.npmjs.org/@esbuild%2flinux-mips64el 493ms (cache miss)
931 silly packumentCache full:https://registry.npmjs.org/@esbuild%2flinux-mips64el set size:undefined disposed:false
932 silly fetch manifest @rollup/rollup-linux-x64-musl@4.63.4
933 silly packumentCache full:https://registry.npmjs.org/@rollup%2frollup-linux-x64-musl cache-miss
934 http fetch GET 200 https://registry.npmjs.org/@rollup%2frollup-android-arm64 259ms (cache miss)
935 silly packumentCache full:https://registry.npmjs.org/@rollup%2frollup-android-arm64 set size:undefined disposed:false
936 silly fetch manifest @rollup/rollup-win32-x64-msvc@4.63.4
937 silly packumentCache full:https://registry.npmjs.org/@rollup%2frollup-win32-x64-msvc cache-miss
938 http fetch GET 200 https://registry.npmjs.org/@rollup%2frollup-darwin-x64 510ms (cache miss)
939 silly packumentCache full:https://registry.npmjs.org/@rollup%2frollup-darwin-x64 set size:undefined disposed:false
940 silly fetch manifest @rollup/rollup-linux-arm64-gnu@4.63.4
941 silly packumentCache full:https://registry.npmjs.org/@rollup%2frollup-linux-arm64-gnu cache-miss
942 http fetch GET 200 https://registry.npmjs.org/@esbuild%2fopenharmony-arm64 669ms (cache miss)
943 silly packumentCache full:https://registry.npmjs.org/@esbuild%2fopenharmony-arm64 set size:undefined disposed:false
944 silly fetch manifest @rollup/rollup-linux-ppc64-gnu@4.63.4
945 silly packumentCache full:https://registry.npmjs.org/@rollup%2frollup-linux-ppc64-gnu cache-miss
946 http fetch GET 200 https://registry.npmjs.org/@rollup%2frollup-darwin-arm64 546ms (cache miss)
947 silly packumentCache full:https://registry.npmjs.org/@rollup%2frollup-darwin-arm64 set size:undefined disposed:false
948 silly fetch manifest @rollup/rollup-linux-s390x-gnu@4.63.4
949 silly packumentCache full:https://registry.npmjs.org/@rollup%2frollup-linux-s390x-gnu cache-miss
950 http fetch GET 200 https://registry.npmjs.org/@rollup%2frollup-linux-x64-musl 245ms (cache miss)
951 silly packumentCache full:https://registry.npmjs.org/@rollup%2frollup-linux-x64-musl set size:undefined disposed:false
952 silly fetch manifest @rollup/rollup-win32-ia32-msvc@4.63.4
953 silly packumentCache full:https://registry.npmjs.org/@rollup%2frollup-win32-ia32-msvc cache-miss
954 http fetch GET 200 https://registry.npmjs.org/@rollup%2frollup-freebsd-arm64 480ms (cache miss)
955 silly packumentCache full:https://registry.npmjs.org/@rollup%2frollup-freebsd-arm64 set size:undefined disposed:false
956 silly fetch manifest @rollup/rollup-android-arm-eabi@4.63.4
957 silly packumentCache full:https://registry.npmjs.org/@rollup%2frollup-android-arm-eabi cache-miss
958 http fetch GET 200 https://registry.npmjs.org/@rollup%2frollup-freebsd-x64 782ms (cache miss)
959 silly packumentCache full:https://registry.npmjs.org/@rollup%2frollup-freebsd-x64 set size:undefined disposed:false
960 silly fetch manifest @rollup/rollup-linux-arm64-musl@4.63.4
961 silly packumentCache full:https://registry.npmjs.org/@rollup%2frollup-linux-arm64-musl cache-miss
962 http fetch GET 200 https://registry.npmjs.org/@rollup%2frollup-linux-x64-gnu 531ms (cache miss)
963 silly packumentCache full:https://registry.npmjs.org/@rollup%2frollup-linux-x64-gnu set size:undefined disposed:false
964 silly fetch manifest @rollup/rollup-linux-ppc64-musl@4.63.4
965 silly packumentCache full:https://registry.npmjs.org/@rollup%2frollup-linux-ppc64-musl cache-miss
966 http fetch GET 200 https://registry.npmjs.org/@rollup%2frollup-win32-x64-msvc 525ms (cache miss)
967 silly packumentCache full:https://registry.npmjs.org/@rollup%2frollup-win32-x64-msvc set size:undefined disposed:false
968 silly fetch manifest @rollup/rollup-win32-arm64-msvc@4.63.4
969 silly packumentCache full:https://registry.npmjs.org/@rollup%2frollup-win32-arm64-msvc cache-miss
970 http fetch GET 200 https://registry.npmjs.org/@rollup%2frollup-android-arm-eabi 257ms (cache miss)
971 silly packumentCache full:https://registry.npmjs.org/@rollup%2frollup-android-arm-eabi set size:undefined disposed:false
972 silly fetch manifest @rollup/rollup-linux-loong64-gnu@4.63.4
973 silly packumentCache full:https://registry.npmjs.org/@rollup%2frollup-linux-loong64-gnu cache-miss
974 http fetch GET 200 https://registry.npmjs.org/@rollup%2frollup-linux-arm64-gnu 523ms (cache miss)
975 silly packumentCache full:https://registry.npmjs.org/@rollup%2frollup-linux-arm64-gnu set size:undefined disposed:false
976 silly fetch manifest @rollup/rollup-linux-riscv64-gnu@4.63.4
977 silly packumentCache full:https://registry.npmjs.org/@rollup%2frollup-linux-riscv64-gnu cache-miss
978 http fetch GET 200 https://registry.npmjs.org/@rollup%2frollup-win32-x64-gnu 759ms (cache miss)
979 silly packumentCache full:https://registry.npmjs.org/@rollup%2frollup-win32-x64-gnu set size:undefined disposed:false
980 silly fetch manifest @rollup/rollup-openharmony-arm64@4.63.4
981 silly packumentCache full:https://registry.npmjs.org/@rollup%2frollup-openharmony-arm64 cache-miss
982 http fetch GET 200 https://registry.npmjs.org/@rollup%2frollup-linux-ppc64-gnu 547ms (cache miss)
983 silly packumentCache full:https://registry.npmjs.org/@rollup%2frollup-linux-ppc64-gnu set size:undefined disposed:false
984 silly fetch manifest @rollup/rollup-linux-loong64-musl@4.63.4
985 silly packumentCache full:https://registry.npmjs.org/@rollup%2frollup-linux-loong64-musl cache-miss
986 http fetch GET 200 https://registry.npmjs.org/@rollup%2frollup-linux-loong64-gnu 232ms (cache miss)
987 silly packumentCache full:https://registry.npmjs.org/@rollup%2frollup-linux-loong64-gnu set size:undefined disposed:false
988 silly fetch manifest @rollup/rollup-linux-riscv64-musl@4.63.4
989 silly packumentCache full:https://registry.npmjs.org/@rollup%2frollup-linux-riscv64-musl cache-miss
990 http fetch GET 200 https://registry.npmjs.org/@rollup%2frollup-win32-ia32-msvc 547ms (cache miss)
991 silly packumentCache full:https://registry.npmjs.org/@rollup%2frollup-win32-ia32-msvc set size:undefined disposed:false
992 silly fetch manifest @rollup/rollup-linux-arm-gnueabihf@4.63.4
993 silly packumentCache full:https://registry.npmjs.org/@rollup%2frollup-linux-arm-gnueabihf cache-miss
994 http fetch GET 200 https://registry.npmjs.org/@rollup%2frollup-linux-ppc64-musl 516ms (cache miss)
995 silly packumentCache full:https://registry.npmjs.org/@rollup%2frollup-linux-ppc64-musl set size:undefined disposed:false
996 silly fetch manifest @rollup/rollup-linux-arm-musleabihf@4.63.4
997 silly packumentCache full:https://registry.npmjs.org/@rollup%2frollup-linux-arm-musleabihf cache-miss
998 http fetch GET 200 https://registry.npmjs.org/@rollup%2frollup-linux-arm64-musl 524ms (cache miss)
999 silly packumentCache full:https://registry.npmjs.org/@rollup%2frollup-linux-arm64-musl set size:undefined disposed:false
1000 http fetch GET 200 https://registry.npmjs.org/@rollup%2frollup-linux-loong64-musl 242ms (cache miss)
1001 silly packumentCache full:https://registry.npmjs.org/@rollup%2frollup-linux-loong64-musl set size:undefined disposed:false
1002 http fetch GET 200 https://registry.npmjs.org/@rollup%2frollup-linux-s390x-gnu 769ms (cache miss)
1003 silly packumentCache full:https://registry.npmjs.org/@rollup%2frollup-linux-s390x-gnu set size:undefined disposed:false
1004 http fetch GET 200 https://registry.npmjs.org/@rollup%2frollup-win32-arm64-msvc 509ms (cache miss)
1005 silly packumentCache full:https://registry.npmjs.org/@rollup%2frollup-win32-arm64-msvc set size:undefined disposed:false
1006 http fetch GET 200 https://registry.npmjs.org/@rollup%2frollup-linux-riscv64-gnu 562ms (cache miss)
1007 silly packumentCache full:https://registry.npmjs.org/@rollup%2frollup-linux-riscv64-gnu set size:undefined disposed:false
1008 http fetch GET 200 https://registry.npmjs.org/@rollup%2frollup-openharmony-arm64 526ms (cache miss)
1009 silly packumentCache full:https://registry.npmjs.org/@rollup%2frollup-openharmony-arm64 set size:undefined disposed:false
1010 http fetch GET 200 https://registry.npmjs.org/@rollup%2frollup-linux-riscv64-musl 499ms (cache miss)
1011 silly packumentCache full:https://registry.npmjs.org/@rollup%2frollup-linux-riscv64-musl set size:undefined disposed:false
1012 http fetch GET 200 https://registry.npmjs.org/@rollup%2frollup-linux-arm-gnueabihf 526ms (cache miss)
1013 silly packumentCache full:https://registry.npmjs.org/@rollup%2frollup-linux-arm-gnueabihf set size:undefined disposed:false
1014 http fetch GET 200 https://registry.npmjs.org/@rollup%2frollup-linux-arm-musleabihf 1159ms (cache miss)
1015 silly packumentCache full:https://registry.npmjs.org/@rollup%2frollup-linux-arm-musleabihf set size:undefined disposed:false
1016 silly placeDep ROOT @esbuild/aix-ppc64@0.25.12 OK for: esbuild@0.25.12 want: 0.25.12
1017 silly placeDep ROOT @esbuild/android-arm@0.25.12 OK for: esbuild@0.25.12 want: 0.25.12
1018 silly placeDep ROOT @esbuild/android-arm64@0.25.12 OK for: esbuild@0.25.12 want: 0.25.12
1019 silly placeDep ROOT @esbuild/android-x64@0.25.12 OK for: esbuild@0.25.12 want: 0.25.12
1020 silly placeDep ROOT @esbuild/darwin-arm64@0.25.12 OK for: esbuild@0.25.12 want: 0.25.12
1021 silly placeDep ROOT @esbuild/darwin-x64@0.25.12 OK for: esbuild@0.25.12 want: 0.25.12
1022 silly placeDep ROOT @esbuild/freebsd-arm64@0.25.12 OK for: esbuild@0.25.12 want: 0.25.12
1023 silly placeDep ROOT @esbuild/freebsd-x64@0.25.12 OK for: esbuild@0.25.12 want: 0.25.12
1024 silly placeDep ROOT @esbuild/linux-arm@0.25.12 OK for: esbuild@0.25.12 want: 0.25.12
1025 silly placeDep ROOT @esbuild/linux-arm64@0.25.12 OK for: esbuild@0.25.12 want: 0.25.12
1026 silly placeDep ROOT @esbuild/linux-ia32@0.25.12 OK for: esbuild@0.25.12 want: 0.25.12
1027 silly placeDep ROOT @esbuild/linux-loong64@0.25.12 OK for: esbuild@0.25.12 want: 0.25.12
1028 silly placeDep ROOT @esbuild/linux-mips64el@0.25.12 OK for: esbuild@0.25.12 want: 0.25.12
1029 silly placeDep ROOT @esbuild/linux-ppc64@0.25.12 OK for: esbuild@0.25.12 want: 0.25.12
1030 silly placeDep ROOT @esbuild/linux-riscv64@0.25.12 OK for: esbuild@0.25.12 want: 0.25.12
1031 silly placeDep ROOT @esbuild/linux-s390x@0.25.12 OK for: esbuild@0.25.12 want: 0.25.12
1032 silly placeDep ROOT @esbuild/linux-x64@0.25.12 OK for: esbuild@0.25.12 want: 0.25.12
1033 silly placeDep ROOT @esbuild/netbsd-arm64@0.25.12 OK for: esbuild@0.25.12 want: 0.25.12
1034 silly placeDep ROOT @esbuild/netbsd-x64@0.25.12 OK for: esbuild@0.25.12 want: 0.25.12
1035 silly placeDep ROOT @esbuild/openbsd-arm64@0.25.12 OK for: esbuild@0.25.12 want: 0.25.12
1036 silly placeDep ROOT @esbuild/openbsd-x64@0.25.12 OK for: esbuild@0.25.12 want: 0.25.12
1037 silly placeDep ROOT @esbuild/openharmony-arm64@0.25.12 OK for: esbuild@0.25.12 want: 0.25.12
1038 silly placeDep ROOT @esbuild/sunos-x64@0.25.12 OK for: esbuild@0.25.12 want: 0.25.12
1039 silly placeDep ROOT @esbuild/win32-arm64@0.25.12 OK for: esbuild@0.25.12 want: 0.25.12
1040 silly placeDep ROOT @esbuild/win32-ia32@0.25.12 OK for: esbuild@0.25.12 want: 0.25.12
1041 silly placeDep ROOT @esbuild/win32-x64@0.25.12 OK for: esbuild@0.25.12 want: 0.25.12
1042 silly placeDep ROOT @napi-rs/lzma-linux-x64-gnu@1.5.1 OK for: rollup@4.63.4 want: 1.5.1
1043 silly placeDep ROOT @rollup/rollup-android-arm-eabi@4.63.4 OK for: rollup@4.63.4 want: 4.63.4
1044 silly placeDep ROOT @rollup/rollup-android-arm64@4.63.4 OK for: rollup@4.63.4 want: 4.63.4
1045 silly placeDep ROOT @rollup/rollup-darwin-arm64@4.63.4 OK for: rollup@4.63.4 want: 4.63.4
1046 silly placeDep ROOT @rollup/rollup-darwin-x64@4.63.4 OK for: rollup@4.63.4 want: 4.63.4
1047 silly placeDep ROOT @rollup/rollup-freebsd-arm64@4.63.4 OK for: rollup@4.63.4 want: 4.63.4
1048 silly placeDep ROOT @rollup/rollup-freebsd-x64@4.63.4 OK for: rollup@4.63.4 want: 4.63.4
1049 silly placeDep ROOT @rollup/rollup-linux-arm-gnueabihf@4.63.4 OK for: rollup@4.63.4 want: 4.63.4
1050 silly placeDep ROOT @rollup/rollup-linux-arm-musleabihf@4.63.4 OK for: rollup@4.63.4 want: 4.63.4
1051 silly placeDep ROOT @rollup/rollup-linux-arm64-gnu@4.63.4 OK for: rollup@4.63.4 want: 4.63.4
1052 silly placeDep ROOT @rollup/rollup-linux-arm64-musl@4.63.4 OK for: rollup@4.63.4 want: 4.63.4
1053 silly placeDep ROOT @rollup/rollup-linux-loong64-gnu@4.63.4 OK for: rollup@4.63.4 want: 4.63.4
1054 silly placeDep ROOT @rollup/rollup-linux-loong64-musl@4.63.4 OK for: rollup@4.63.4 want: 4.63.4
1055 silly placeDep ROOT @rollup/rollup-linux-ppc64-gnu@4.63.4 OK for: rollup@4.63.4 want: 4.63.4
1056 silly placeDep ROOT @rollup/rollup-linux-ppc64-musl@4.63.4 OK for: rollup@4.63.4 want: 4.63.4
1057 silly placeDep ROOT @rollup/rollup-linux-riscv64-gnu@4.63.4 OK for: rollup@4.63.4 want: 4.63.4
1058 silly placeDep ROOT @rollup/rollup-linux-riscv64-musl@4.63.4 OK for: rollup@4.63.4 want: 4.63.4
1059 silly placeDep ROOT @rollup/rollup-linux-s390x-gnu@4.63.4 OK for: rollup@4.63.4 want: 4.63.4
1060 silly placeDep ROOT @rollup/rollup-linux-x64-gnu@4.63.4 OK for: rollup@4.63.4 want: 4.63.4
1061 silly placeDep ROOT @rollup/rollup-linux-x64-musl@4.63.4 OK for: rollup@4.63.4 want: 4.63.4
1062 silly placeDep ROOT @rollup/rollup-openbsd-x64@4.63.4 OK for: rollup@4.63.4 want: 4.63.4
1063 silly placeDep ROOT @rollup/rollup-openharmony-arm64@4.63.4 OK for: rollup@4.63.4 want: 4.63.4
1064 silly placeDep ROOT @rollup/rollup-win32-arm64-msvc@4.63.4 OK for: rollup@4.63.4 want: 4.63.4
1065 silly placeDep ROOT @rollup/rollup-win32-ia32-msvc@4.63.4 OK for: rollup@4.63.4 want: 4.63.4
1066 silly placeDep ROOT @rollup/rollup-win32-x64-gnu@4.63.4 OK for: rollup@4.63.4 want: 4.63.4
1067 silly placeDep ROOT @rollup/rollup-win32-x64-msvc@4.63.4 OK for: rollup@4.63.4 want: 4.63.4
1068 silly placeDep ROOT @types/estree@1.0.9 OK for: rollup@4.63.4 want: 1.0.9
1069 silly reify moves {}
1070 silly audit bulk request {
1070 silly audit   '@types/react': [ '18.3.31' ],
1070 silly audit   '@types/react-dom': [ '18.3.7' ],
1070 silly audit   '@vitejs/plugin-react': [ '4.7.0' ],
1070 silly audit   vite: [ '6.4.3' ],
1070 silly audit   autoprefixer: [ '10.6.1' ],
1070 silly audit   postcss: [ '8.5.28' ],
1070 silly audit   'lucide-react': [ '0.475.0' ],
1070 silly audit   react: [ '18.3.1' ],
1070 silly audit   'react-dom': [ '18.3.1' ],
1070 silly audit   tailwindcss: [ '3.4.19' ],
1070 silly audit   typescript: [ '5.9.3' ],
1070 silly audit   '@types/prop-types': [ '15.7.15' ],
1070 silly audit   csstype: [ '3.2.3' ],
1070 silly audit   '@babel/core': [ '7.29.7' ],
1070 silly audit   '@babel/plugin-transform-react-jsx-self': [ '7.29.7' ],
1070 silly audit   '@babel/plugin-transform-react-jsx-source': [ '7.29.7' ],
1070 silly audit   '@rolldown/pluginutils': [ '1.0.0-beta.27' ],
1070 silly audit   '@types/babel__core': [ '7.20.5' ],
1070 silly audit   'react-refresh': [ '0.17.0' ],
1070 silly audit   '@babel/code-frame': [ '7.29.7' ],
1070 silly audit   '@babel/generator': [ '7.29.8' ],
1070 silly audit   '@babel/helper-compilation-targets': [ '7.29.7' ],
1070 silly audit   '@babel/helper-module-transforms': [ '7.29.7' ],
1070 silly audit   '@babel/helpers': [ '7.29.7' ],
1070 silly audit   '@babel/parser': [ '7.29.9' ],
1070 silly audit   '@babel/template': [ '7.29.7' ],
1070 silly audit   '@babel/traverse': [ '7.29.8' ],
1070 silly audit   '@babel/types': [ '7.29.8' ],
1070 silly audit   '@jridgewell/remapping': [ '2.3.5' ],
1070 silly audit   'convert-source-map': [ '2.0.0' ],
1070 silly audit   debug: [ '4.4.3' ],
1070 silly audit   gensync: [ '1.0.0-beta.2' ],
1070 silly audit   json5: [ '2.2.3' ],
1070 silly audit   semver: [ '6.3.1' ],
1070 silly audit   '@babel/helper-validator-identifier': [ '7.29.7' ],
1070 silly audit   'js-tokens': [ '4.0.0' ],
1070 silly audit   picocolors: [ '1.1.1' ],
1070 silly audit   '@jridgewell/gen-mapping': [ '0.3.13' ],
1070 silly audit   '@jridgewell/trace-mapping': [ '0.3.31' ],
1070 silly audit   jsesc: [ '3.1.0' ],
1070 silly audit   '@babel/compat-data': [ '7.29.7' ],
1070 silly audit   '@babel/helper-validator-option': [ '7.29.7' ],
1070 silly audit   browserslist: [ '4.29.0' ],
1070 silly audit   'lru-cache': [ '5.1.1' ],
1070 silly audit   '@babel/helper-module-imports': [ '7.29.7' ],
1070 silly audit   '@babel/helper-plugin-utils': [ '7.29.7' ],
1070 silly audit   '@babel/helper-globals': [ '7.29.7' ],
1070 silly audit   '@babel/helper-string-parser': [ '7.29.7' ],
1070 silly audit   '@jridgewell/sourcemap-codec': [ '1.6.0' ],
1070 silly audit   '@jridgewell/resolve-uri': [ '3.1.2' ],
1070 silly audit   '@types/babel__generator': [ '7.27.0' ],
1070 silly audit   '@types/babel__template': [ '7.4.4' ],
1070 silly audit   '@types/babel__traverse': [ '7.28.0' ],
1070 silly audit   'caniuse-lite': [ '1.0.30001810' ],
1070 silly audit   'fraction.js': [ '5.3.4' ],
1070 silly audit   'postcss-value-parser': [ '4.2.0' ],
1070 silly audit   'baseline-browser-mapping': [ '2.11.25' ],
1070 silly audit   'electron-to-chromium': [ '1.5.438' ],
1070 silly audit   'node-releases': [ '2.0.57' ],
1070 silly audit   'update-browserslist-db': [ '1.3.3' ],
1070 silly audit   ms: [ '2.1.3' ],
1070 silly audit   yallist: [ '3.1.1' ],
1070 silly audit   nanoid: [ '3.3.19' ],
1070 silly audit   'source-map-js': [ '1.2.1' ],
1070 silly audit   'loose-envify': [ '1.4.0' ],
1070 silly audit   scheduler: [ '0.23.2' ],
1070 silly audit   '@alloc/quick-lru': [ '5.3.0' ],
1070 silly audit   arg: [ '5.0.2' ],
1070 silly audit   chokidar: [ '3.6.0' ],
1070 silly audit   didyoumean: [ '1.2.2' ],
1070 silly audit   dlv: [ '1.1.3' ],
1070 silly audit   'fast-glob': [ '3.3.3' ],
1070 silly audit   'glob-parent': [ '6.0.2', '5.1.2' ],
1070 silly audit   'is-glob': [ '4.0.3' ],
1070 silly audit   jiti: [ '1.21.7' ],
1070 silly audit   lilconfig: [ '3.1.3' ],
1070 silly audit   micromatch: [ '4.0.8' ],
1070 silly audit   'normalize-path': [ '3.0.0' ],
1070 silly audit   'object-hash': [ '3.0.0' ],
1070 silly audit   'postcss-import': [ '15.1.0' ],
1070 silly audit   'postcss-js': [ '4.1.0' ],
1070 silly audit   'postcss-load-config': [ '6.0.1' ],
1070 silly audit   'postcss-nested': [ '6.2.0' ],
1070 silly audit   'postcss-selector-parser': [ '6.1.4' ],
1070 silly audit   resolve: [ '1.22.12' ],
1070 silly audit   sucrase: [ '3.35.1' ],
1070 silly audit   anymatch: [ '3.1.3' ],
1070 silly audit   braces: [ '3.0.3' ],
1070 silly audit   fsevents: [ '2.3.3' ],
1070 silly audit   'is-binary-path': [ '2.1.0' ],
1070 silly audit   readdirp: [ '3.6.0' ],
1070 silly audit   picomatch: [ '2.3.2', '4.0.7' ],
1070 silly audit   'fill-range': [ '7.1.1' ],
1070 silly audit   '@nodelib/fs.stat': [ '2.0.5' ],
1070 silly audit   '@nodelib/fs.walk': [ '1.2.8' ],
1070 silly audit   merge2: [ '1.4.1' ],
1070 silly audit   '@nodelib/fs.scandir': [ '2.1.5' ],
1070 silly audit   fastq: [ '1.20.3' ],
1070 silly audit   'run-parallel': [ '1.2.0' ],
1070 silly audit   reusify: [ '1.1.0' ],
1070 silly audit   'to-regex-range': [ '5.0.1' ],
1070 silly audit   'binary-extensions': [ '2.3.0' ],
1070 silly audit   'is-extglob': [ '2.1.1' ],
1070 silly audit   'read-cache': [ '1.0.2' ],
1070 silly audit   'camelcase-css': [ '2.0.1' ],
1070 silly audit   cssesc: [ '3.0.0' ],
1070 silly audit   'util-deprecate': [ '1.0.2' ],
1070 silly audit   'es-errors': [ '1.3.0' ],
1070 silly audit   'is-core-module': [ '2.17.0' ],
1070 silly audit   'path-parse': [ '1.0.7' ],
1070 silly audit   'supports-preserve-symlinks-flag': [ '1.0.0' ],
1070 silly audit   hasown: [ '2.0.4' ],
1070 silly audit   'function-bind': [ '1.1.2' ],
1070 silly audit   'queue-microtask': [ '1.2.3' ],
1070 silly audit   commander: [ '4.1.1' ],
1070 silly audit   'lines-and-columns': [ '1.2.4' ],
1070 silly audit   mz: [ '2.7.0' ],
1070 silly audit   pirates: [ '4.0.7' ],
1070 silly audit   tinyglobby: [ '0.2.17' ],
1070 silly audit   'ts-interface-checker': [ '0.1.13' ],
1070 silly audit   'any-promise': [ '1.3.0' ],
1070 silly audit   'object-assign': [ '4.1.1' ],
1070 silly audit   'thenify-all': [ '1.6.0' ],
1070 silly audit   thenify: [ '3.3.1' ],
1070 silly audit   fdir: [ '6.5.0' ],
1070 silly audit   'is-number': [ '7.0.0' ],
1070 silly audit   escalade: [ '3.2.0' ],
1070 silly audit   esbuild: [ '0.25.12' ],
1070 silly audit   rollup: [ '4.63.4' ],
1070 silly audit   '@esbuild/aix-ppc64': [ '0.25.12' ],
1070 silly audit   '@esbuild/android-arm': [ '0.25.12' ],
1070 silly audit   '@esbuild/android-arm64': [ '0.25.12' ],
1070 silly audit   '@esbuild/android-x64': [ '0.25.12' ],
1070 silly audit   '@esbuild/darwin-arm64': [ '0.25.12' ],
1070 silly audit   '@esbuild/darwin-x64': [ '0.25.12' ],
1070 silly audit   '@esbuild/freebsd-arm64': [ '0.25.12' ],
1070 silly audit   '@esbuild/freebsd-x64': [ '0.25.12' ],
1070 silly audit   '@esbuild/linux-arm': [ '0.25.12' ],
1070 silly audit   '@esbuild/linux-arm64': [ '0.25.12' ],
1070 silly audit   '@esbuild/linux-ia32': [ '0.25.12' ],
1070 silly audit   '@esbuild/linux-loong64': [ '0.25.12' ],
1070 silly audit   '@esbuild/linux-mips64el': [ '0.25.12' ],
1070 silly audit   '@esbuild/linux-ppc64': [ '0.25.12' ],
1070 silly audit   '@esbuild/linux-riscv64': [ '0.25.12' ],
1070 silly audit   '@esbuild/linux-s390x': [ '0.25.12' ],
1070 silly audit   '@esbuild/linux-x64': [ '0.25.12' ],
1070 silly audit   '@esbuild/netbsd-arm64': [ '0.25.12' ],
1070 silly audit   '@esbuild/netbsd-x64': [ '0.25.12' ],
1070 silly audit   '@esbuild/openbsd-arm64': [ '0.25.12' ],
1070 silly audit   '@esbuild/openbsd-x64': [ '0.25.12' ],
1070 silly audit   '@esbuild/openharmony-arm64': [ '0.25.12' ],
1070 silly audit   '@esbuild/sunos-x64': [ '0.25.12' ],
1070 silly audit   '@esbuild/win32-arm64': [ '0.25.12' ],
1070 silly audit   '@esbuild/win32-ia32': [ '0.25.12' ],
1070 silly audit   '@esbuild/win32-x64': [ '0.25.12' ],
1070 silly audit   '@napi-rs/lzma-linux-x64-gnu': [ '1.5.1' ],
1070 silly audit   '@rollup/rollup-android-arm-eabi': [ '4.63.4' ],
1070 silly audit   '@rollup/rollup-android-arm64': [ '4.63.4' ],
1070 silly audit   '@rollup/rollup-darwin-arm64': [ '4.63.4' ],
1070 silly audit   '@rollup/rollup-darwin-x64': [ '4.63.4' ],
1070 silly audit   '@rollup/rollup-freebsd-arm64': [ '4.63.4' ],
1070 silly audit   '@rollup/rollup-freebsd-x64': [ '4.63.4' ],
1070 silly audit   '@rollup/rollup-linux-arm-gnueabihf': [ '4.63.4' ],
1070 silly audit   '@rollup/rollup-linux-arm-musleabihf': [ '4.63.4' ],
1070 silly audit   '@rollup/rollup-linux-arm64-gnu': [ '4.63.4' ],
1070 silly audit   '@rollup/rollup-linux-arm64-musl': [ '4.63.4' ],
1070 silly audit   '@rollup/rollup-linux-loong64-gnu': [ '4.63.4' ],
1070 silly audit   '@rollup/rollup-linux-loong64-musl': [ '4.63.4' ],
1070 silly audit   '@rollup/rollup-linux-ppc64-gnu': [ '4.63.4' ],
1070 silly audit   '@rollup/rollup-linux-ppc64-musl': [ '4.63.4' ],
1070 silly audit   '@rollup/rollup-linux-riscv64-gnu': [ '4.63.4' ],
1070 silly audit   '@rollup/rollup-linux-riscv64-musl': [ '4.63.4' ],
1070 silly audit   '@rollup/rollup-linux-s390x-gnu': [ '4.63.4' ],
1070 silly audit   '@rollup/rollup-linux-x64-gnu': [ '4.63.4' ],
1070 silly audit   '@rollup/rollup-linux-x64-musl': [ '4.63.4' ],
1070 silly audit   '@rollup/rollup-openbsd-x64': [ '4.63.4' ],
1070 silly audit   '@rollup/rollup-openharmony-arm64': [ '4.63.4' ],
1070 silly audit   '@rollup/rollup-win32-arm64-msvc': [ '4.63.4' ],
1070 silly audit   '@rollup/rollup-win32-ia32-msvc': [ '4.63.4' ],
1070 silly audit   '@rollup/rollup-win32-x64-gnu': [ '4.63.4' ],
1070 silly audit   '@rollup/rollup-win32-x64-msvc': [ '4.63.4' ],
1070 silly audit   '@types/estree': [ '1.0.9' ]
1070 silly audit }
1071 http cache @types/estree@https://registry.npmjs.org/@types/estree/-/estree-1.0.9.tgz 0ms (cache hit)
1072 http cache @rollup/rollup-darwin-arm64@https://registry.npmjs.org/@rollup/rollup-darwin-arm64/-/rollup-darwin-arm64-4.63.4.tgz 0ms (cache hit)
1073 http cache rollup@https://registry.npmjs.org/rollup/-/rollup-4.63.4.tgz 0ms (cache hit)
1074 http cache @esbuild/darwin-arm64@https://registry.npmjs.org/@esbuild/darwin-arm64/-/darwin-arm64-0.25.12.tgz 0ms (cache hit)
1075 http cache esbuild@https://registry.npmjs.org/esbuild/-/esbuild-0.25.12.tgz 0ms (cache hit)
1076 http cache is-number@https://registry.npmjs.org/is-number/-/is-number-7.0.0.tgz 0ms (cache hit)
1077 http cache thenify@https://registry.npmjs.org/thenify/-/thenify-3.3.1.tgz 0ms (cache hit)
1078 http cache thenify-all@https://registry.npmjs.org/thenify-all/-/thenify-all-1.6.0.tgz 0ms (cache hit)
1079 http cache escalade@https://registry.npmjs.org/escalade/-/escalade-3.2.0.tgz 0ms (cache hit)
1080 http cache object-assign@https://registry.npmjs.org/object-assign/-/object-assign-4.1.1.tgz 0ms (cache hit)
1081 http cache any-promise@https://registry.npmjs.org/any-promise/-/any-promise-1.3.0.tgz 0ms (cache hit)
1082 http cache ts-interface-checker@https://registry.npmjs.org/ts-interface-checker/-/ts-interface-checker-0.1.13.tgz 0ms (cache hit)
1083 http cache tinyglobby@https://registry.npmjs.org/tinyglobby/-/tinyglobby-0.2.17.tgz 0ms (cache hit)
1084 http cache pirates@https://registry.npmjs.org/pirates/-/pirates-4.0.7.tgz 0ms (cache hit)
1085 http cache mz@https://registry.npmjs.org/mz/-/mz-2.7.0.tgz 0ms (cache hit)
1086 http cache lines-and-columns@https://registry.npmjs.org/lines-and-columns/-/lines-and-columns-1.2.4.tgz 0ms (cache hit)
1087 http cache commander@https://registry.npmjs.org/commander/-/commander-4.1.1.tgz 0ms (cache hit)
1088 http cache queue-microtask@https://registry.npmjs.org/queue-microtask/-/queue-microtask-1.2.3.tgz 0ms (cache hit)
1089 http cache function-bind@https://registry.npmjs.org/function-bind/-/function-bind-1.1.2.tgz 0ms (cache hit)
1090 http cache hasown@https://registry.npmjs.org/hasown/-/hasown-2.0.4.tgz 0ms (cache hit)
1091 http cache supports-preserve-symlinks-flag@https://registry.npmjs.org/supports-preserve-symlinks-flag/-/supports-preserve-symlinks-flag-1.0.0.tgz 0ms (cache hit)
1092 http cache path-parse@https://registry.npmjs.org/path-parse/-/path-parse-1.0.7.tgz 0ms (cache hit)
1093 http cache is-core-module@https://registry.npmjs.org/is-core-module/-/is-core-module-2.17.0.tgz 0ms (cache hit)
1094 http cache es-errors@https://registry.npmjs.org/es-errors/-/es-errors-1.3.0.tgz 0ms (cache hit)
1095 http cache util-deprecate@https://registry.npmjs.org/util-deprecate/-/util-deprecate-1.0.2.tgz 0ms (cache hit)
1096 http cache cssesc@https://registry.npmjs.org/cssesc/-/cssesc-3.0.0.tgz 0ms (cache hit)
1097 http cache camelcase-css@https://registry.npmjs.org/camelcase-css/-/camelcase-css-2.0.1.tgz 0ms (cache hit)
1098 http cache read-cache@https://registry.npmjs.org/read-cache/-/read-cache-1.0.2.tgz 0ms (cache hit)
1099 http cache is-extglob@https://registry.npmjs.org/is-extglob/-/is-extglob-2.1.1.tgz 0ms (cache hit)
1100 http cache binary-extensions@https://registry.npmjs.org/binary-extensions/-/binary-extensions-2.3.0.tgz 0ms (cache hit)
1101 http cache to-regex-range@https://registry.npmjs.org/to-regex-range/-/to-regex-range-5.0.1.tgz 0ms (cache hit)
1102 http cache reusify@https://registry.npmjs.org/reusify/-/reusify-1.1.0.tgz 0ms (cache hit)
1103 http cache fastq@https://registry.npmjs.org/fastq/-/fastq-1.20.3.tgz 0ms (cache hit)
1104 http cache run-parallel@https://registry.npmjs.org/run-parallel/-/run-parallel-1.2.0.tgz 0ms (cache hit)
1105 http cache @nodelib/fs.scandir@https://registry.npmjs.org/@nodelib/fs.scandir/-/fs.scandir-2.1.5.tgz 0ms (cache hit)
1106 http cache merge2@https://registry.npmjs.org/merge2/-/merge2-1.4.1.tgz 0ms (cache hit)
1107 http cache @nodelib/fs.walk@https://registry.npmjs.org/@nodelib/fs.walk/-/fs.walk-1.2.8.tgz 0ms (cache hit)
1108 http cache fill-range@https://registry.npmjs.org/fill-range/-/fill-range-7.1.1.tgz 0ms (cache hit)
1109 http cache picomatch@https://registry.npmjs.org/picomatch/-/picomatch-2.3.2.tgz 0ms (cache hit)
1110 http cache readdirp@https://registry.npmjs.org/readdirp/-/readdirp-3.6.0.tgz 0ms (cache hit)
1111 http cache is-binary-path@https://registry.npmjs.org/is-binary-path/-/is-binary-path-2.1.0.tgz 0ms (cache hit)
1112 http cache @nodelib/fs.stat@https://registry.npmjs.org/@nodelib/fs.stat/-/fs.stat-2.0.5.tgz 0ms (cache hit)
1113 http cache fsevents@https://registry.npmjs.org/fsevents/-/fsevents-2.3.3.tgz 0ms (cache hit)
1114 http cache braces@https://registry.npmjs.org/braces/-/braces-3.0.3.tgz 0ms (cache hit)
1115 http cache anymatch@https://registry.npmjs.org/anymatch/-/anymatch-3.1.3.tgz 0ms (cache hit)
1116 http cache resolve@https://registry.npmjs.org/resolve/-/resolve-1.22.12.tgz 0ms (cache hit)
1117 http cache sucrase@https://registry.npmjs.org/sucrase/-/sucrase-3.35.1.tgz 0ms (cache hit)
1118 http cache postcss-selector-parser@https://registry.npmjs.org/postcss-selector-parser/-/postcss-selector-parser-6.1.4.tgz 0ms (cache hit)
1119 http cache postcss-nested@https://registry.npmjs.org/postcss-nested/-/postcss-nested-6.2.0.tgz 0ms (cache hit)
1120 http cache postcss-load-config@https://registry.npmjs.org/postcss-load-config/-/postcss-load-config-6.0.1.tgz 0ms (cache hit)
1121 http cache postcss-import@https://registry.npmjs.org/postcss-import/-/postcss-import-15.1.0.tgz 0ms (cache hit)
1122 http cache postcss-js@https://registry.npmjs.org/postcss-js/-/postcss-js-4.1.0.tgz 0ms (cache hit)
1123 http cache object-hash@https://registry.npmjs.org/object-hash/-/object-hash-3.0.0.tgz 0ms (cache hit)
1124 http cache normalize-path@https://registry.npmjs.org/normalize-path/-/normalize-path-3.0.0.tgz 0ms (cache hit)
1125 http cache micromatch@https://registry.npmjs.org/micromatch/-/micromatch-4.0.8.tgz 0ms (cache hit)
1126 http cache lilconfig@https://registry.npmjs.org/lilconfig/-/lilconfig-3.1.3.tgz 0ms (cache hit)
1127 http cache jiti@https://registry.npmjs.org/jiti/-/jiti-1.21.7.tgz 0ms (cache hit)
1128 http cache is-glob@https://registry.npmjs.org/is-glob/-/is-glob-4.0.3.tgz 0ms (cache hit)
1129 http cache glob-parent@https://registry.npmjs.org/glob-parent/-/glob-parent-6.0.2.tgz 0ms (cache hit)
1130 http cache fast-glob@https://registry.npmjs.org/fast-glob/-/fast-glob-3.3.3.tgz 0ms (cache hit)
1131 http cache dlv@https://registry.npmjs.org/dlv/-/dlv-1.1.3.tgz 0ms (cache hit)
1132 http cache didyoumean@https://registry.npmjs.org/didyoumean/-/didyoumean-1.2.2.tgz 0ms (cache hit)
1133 http cache chokidar@https://registry.npmjs.org/chokidar/-/chokidar-3.6.0.tgz 0ms (cache hit)
1134 http cache arg@https://registry.npmjs.org/arg/-/arg-5.0.2.tgz 0ms (cache hit)
1135 http cache scheduler@https://registry.npmjs.org/scheduler/-/scheduler-0.23.2.tgz 0ms (cache hit)
1136 http cache @alloc/quick-lru@https://registry.npmjs.org/@alloc/quick-lru/-/quick-lru-5.3.0.tgz 0ms (cache hit)
1137 http cache loose-envify@https://registry.npmjs.org/loose-envify/-/loose-envify-1.4.0.tgz 0ms (cache hit)
1138 http cache source-map-js@https://registry.npmjs.org/source-map-js/-/source-map-js-1.2.1.tgz 0ms (cache hit)
1139 http cache ms@https://registry.npmjs.org/ms/-/ms-2.1.3.tgz 0ms (cache hit)
1140 http cache yallist@https://registry.npmjs.org/yallist/-/yallist-3.1.1.tgz 0ms (cache hit)
1141 http cache update-browserslist-db@https://registry.npmjs.org/update-browserslist-db/-/update-browserslist-db-1.3.3.tgz 0ms (cache hit)
1142 http cache node-releases@https://registry.npmjs.org/node-releases/-/node-releases-2.0.57.tgz 0ms (cache hit)
1143 http cache baseline-browser-mapping@https://registry.npmjs.org/baseline-browser-mapping/-/baseline-browser-mapping-2.11.25.tgz 0ms (cache hit)
1144 http cache postcss-value-parser@https://registry.npmjs.org/postcss-value-parser/-/postcss-value-parser-4.2.0.tgz 0ms (cache hit)
1145 http cache fraction.js@https://registry.npmjs.org/fraction.js/-/fraction.js-5.3.4.tgz 0ms (cache hit)
1146 http cache nanoid@https://registry.npmjs.org/nanoid/-/nanoid-3.3.19.tgz 0ms (cache hit)
1147 http cache electron-to-chromium@https://registry.npmjs.org/electron-to-chromium/-/electron-to-chromium-1.5.438.tgz 0ms (cache hit)
1148 http cache caniuse-lite@https://registry.npmjs.org/caniuse-lite/-/caniuse-lite-1.0.30001810.tgz 0ms (cache hit)
1149 http cache @types/babel__traverse@https://registry.npmjs.org/@types/babel__traverse/-/babel__traverse-7.28.0.tgz 0ms (cache hit)
1150 http cache @jridgewell/resolve-uri@https://registry.npmjs.org/@jridgewell/resolve-uri/-/resolve-uri-3.1.2.tgz 0ms (cache hit)
1151 http cache @types/babel__template@https://registry.npmjs.org/@types/babel__template/-/babel__template-7.4.4.tgz 0ms (cache hit)
1152 http cache @jridgewell/sourcemap-codec@https://registry.npmjs.org/@jridgewell/sourcemap-codec/-/sourcemap-codec-1.6.0.tgz 0ms (cache hit)
1153 http cache @types/babel__generator@https://registry.npmjs.org/@types/babel__generator/-/babel__generator-7.27.0.tgz 0ms (cache hit)
1154 http cache @babel/helper-plugin-utils@https://registry.npmjs.org/@babel/helper-plugin-utils/-/helper-plugin-utils-7.29.7.tgz 0ms (cache hit)
1155 http cache @babel/helper-string-parser@https://registry.npmjs.org/@babel/helper-string-parser/-/helper-string-parser-7.29.7.tgz 0ms (cache hit)
1156 http cache @babel/helper-module-imports@https://registry.npmjs.org/@babel/helper-module-imports/-/helper-module-imports-7.29.7.tgz 0ms (cache hit)
1157 http cache browserslist@https://registry.npmjs.org/browserslist/-/browserslist-4.29.0.tgz 0ms (cache hit)
1158 http cache @babel/helper-globals@https://registry.npmjs.org/@babel/helper-globals/-/helper-globals-7.29.7.tgz 0ms (cache hit)
1159 http cache lru-cache@https://registry.npmjs.org/lru-cache/-/lru-cache-5.1.1.tgz 0ms (cache hit)
1160 http cache @babel/helper-validator-option@https://registry.npmjs.org/@babel/helper-validator-option/-/helper-validator-option-7.29.7.tgz 0ms (cache hit)
1161 http cache @jridgewell/trace-mapping@https://registry.npmjs.org/@jridgewell/trace-mapping/-/trace-mapping-0.3.31.tgz 0ms (cache hit)
1162 http cache @babel/compat-data@https://registry.npmjs.org/@babel/compat-data/-/compat-data-7.29.7.tgz 0ms (cache hit)
1163 http cache js-tokens@https://registry.npmjs.org/js-tokens/-/js-tokens-4.0.0.tgz 0ms (cache hit)
1164 http cache jsesc@https://registry.npmjs.org/jsesc/-/jsesc-3.1.0.tgz 0ms (cache hit)
1165 http cache picocolors@https://registry.npmjs.org/picocolors/-/picocolors-1.1.1.tgz 0ms (cache hit)
1166 http cache @babel/helper-validator-identifier@https://registry.npmjs.org/@babel/helper-validator-identifier/-/helper-validator-identifier-7.29.7.tgz 0ms (cache hit)
1167 http cache @jridgewell/gen-mapping@https://registry.npmjs.org/@jridgewell/gen-mapping/-/gen-mapping-0.3.13.tgz 0ms (cache hit)
1168 http cache semver@https://registry.npmjs.org/semver/-/semver-6.3.1.tgz 0ms (cache hit)
1169 http cache json5@https://registry.npmjs.org/json5/-/json5-2.2.3.tgz 0ms (cache hit)
1170 http cache gensync@https://registry.npmjs.org/gensync/-/gensync-1.0.0-beta.2.tgz 0ms (cache hit)
1171 http cache debug@https://registry.npmjs.org/debug/-/debug-4.4.3.tgz 0ms (cache hit)
1172 http cache convert-source-map@https://registry.npmjs.org/convert-source-map/-/convert-source-map-2.0.0.tgz 0ms (cache hit)
1173 http cache @babel/types@https://registry.npmjs.org/@babel/types/-/types-7.29.8.tgz 0ms (cache hit)
1174 http cache @jridgewell/remapping@https://registry.npmjs.org/@jridgewell/remapping/-/remapping-2.3.5.tgz 0ms (cache hit)
1175 http cache @babel/helpers@https://registry.npmjs.org/@babel/helpers/-/helpers-7.29.7.tgz 0ms (cache hit)
1176 http cache @babel/template@https://registry.npmjs.org/@babel/template/-/template-7.29.7.tgz 0ms (cache hit)
1177 http cache @babel/parser@https://registry.npmjs.org/@babel/parser/-/parser-7.29.9.tgz 0ms (cache hit)
1178 http cache @babel/helper-module-transforms@https://registry.npmjs.org/@babel/helper-module-transforms/-/helper-module-transforms-7.29.7.tgz 0ms (cache hit)
1179 http cache @babel/helper-compilation-targets@https://registry.npmjs.org/@babel/helper-compilation-targets/-/helper-compilation-targets-7.29.7.tgz 0ms (cache hit)
1180 http cache @babel/generator@https://registry.npmjs.org/@babel/generator/-/generator-7.29.8.tgz 0ms (cache hit)
1181 http cache react-refresh@https://registry.npmjs.org/react-refresh/-/react-refresh-0.17.0.tgz 0ms (cache hit)
1182 http cache @types/babel__core@https://registry.npmjs.org/@types/babel__core/-/babel__core-7.20.5.tgz 0ms (cache hit)
1183 http cache @babel/code-frame@https://registry.npmjs.org/@babel/code-frame/-/code-frame-7.29.7.tgz 0ms (cache hit)
1184 http cache @babel/plugin-transform-react-jsx-source@https://registry.npmjs.org/@babel/plugin-transform-react-jsx-source/-/plugin-transform-react-jsx-source-7.29.7.tgz 0ms (cache hit)
1185 http cache @babel/traverse@https://registry.npmjs.org/@babel/traverse/-/traverse-7.29.8.tgz 0ms (cache hit)
1186 http cache @babel/plugin-transform-react-jsx-self@https://registry.npmjs.org/@babel/plugin-transform-react-jsx-self/-/plugin-transform-react-jsx-self-7.29.7.tgz 0ms (cache hit)
1187 http cache @babel/core@https://registry.npmjs.org/@babel/core/-/core-7.29.7.tgz 0ms (cache hit)
1188 http cache csstype@https://registry.npmjs.org/csstype/-/csstype-3.2.3.tgz 0ms (cache hit)
1189 http cache @rolldown/pluginutils@https://registry.npmjs.org/@rolldown/pluginutils/-/pluginutils-1.0.0-beta.27.tgz 0ms (cache hit)
1190 http cache @types/prop-types@https://registry.npmjs.org/@types/prop-types/-/prop-types-15.7.15.tgz 0ms (cache hit)
1191 http cache typescript@https://registry.npmjs.org/typescript/-/typescript-5.9.3.tgz 0ms (cache hit)
1192 http cache tailwindcss@https://registry.npmjs.org/tailwindcss/-/tailwindcss-3.4.19.tgz 0ms (cache hit)
1193 http cache react@https://registry.npmjs.org/react/-/react-18.3.1.tgz 0ms (cache hit)
1194 http cache lucide-react@https://registry.npmjs.org/lucide-react/-/lucide-react-0.475.0.tgz 0ms (cache hit)
1195 http cache postcss@https://registry.npmjs.org/postcss/-/postcss-8.5.28.tgz 0ms (cache hit)
1196 http cache autoprefixer@https://registry.npmjs.org/autoprefixer/-/autoprefixer-10.6.1.tgz 0ms (cache hit)
1197 http cache react-dom@https://registry.npmjs.org/react-dom/-/react-dom-18.3.1.tgz 0ms (cache hit)
1198 http cache @vitejs/plugin-react@https://registry.npmjs.org/@vitejs/plugin-react/-/plugin-react-4.7.0.tgz 0ms (cache hit)
1199 http cache vite@https://registry.npmjs.org/vite/-/vite-6.4.3.tgz 0ms (cache hit)
1200 http cache fdir@https://registry.npmjs.org/fdir/-/fdir-6.5.0.tgz 0ms (cache hit)
1201 http cache @types/react-dom@https://registry.npmjs.org/@types/react-dom/-/react-dom-18.3.7.tgz 0ms (cache hit)
1202 http cache picomatch@https://registry.npmjs.org/picomatch/-/picomatch-4.0.7.tgz 0ms (cache hit)
1203 http cache glob-parent@https://registry.npmjs.org/glob-parent/-/glob-parent-5.1.2.tgz 0ms (cache hit)
1204 http cache @types/react@https://registry.npmjs.org/@types/react/-/react-18.3.31.tgz 0ms (cache hit)
1205 silly tarball no local data for @types/estree@https://registry.npmjs.org/@types/estree/-/estree-1.0.9.tgz. Extracting by manifest.
1206 silly tarball no local data for @rollup/rollup-darwin-arm64@https://registry.npmjs.org/@rollup/rollup-darwin-arm64/-/rollup-darwin-arm64-4.63.4.tgz. Extracting by manifest.
1207 silly tarball no local data for rollup@https://registry.npmjs.org/rollup/-/rollup-4.63.4.tgz. Extracting by manifest.
1208 silly tarball no local data for @esbuild/darwin-arm64@https://registry.npmjs.org/@esbuild/darwin-arm64/-/darwin-arm64-0.25.12.tgz. Extracting by manifest.
1209 http cache fdir@https://registry.npmjs.org/fdir/-/fdir-6.5.0.tgz 0ms (cache hit)
1210 http cache glob-parent@https://registry.npmjs.org/glob-parent/-/glob-parent-5.1.2.tgz 0ms (cache hit)
1211 silly tarball no local data for esbuild@https://registry.npmjs.org/esbuild/-/esbuild-0.25.12.tgz. Extracting by manifest.
1212 http cache picomatch@https://registry.npmjs.org/picomatch/-/picomatch-4.0.7.tgz 0ms (cache hit)
1213 silly tarball no local data for is-number@https://registry.npmjs.org/is-number/-/is-number-7.0.0.tgz. Extracting by manifest.
1214 silly tarball no local data for thenify@https://registry.npmjs.org/thenify/-/thenify-3.3.1.tgz. Extracting by manifest.
1215 silly tarball no local data for thenify-all@https://registry.npmjs.org/thenify-all/-/thenify-all-1.6.0.tgz. Extracting by manifest.
1216 silly tarball no local data for escalade@https://registry.npmjs.org/escalade/-/escalade-3.2.0.tgz. Extracting by manifest.
1217 silly tarball no local data for object-assign@https://registry.npmjs.org/object-assign/-/object-assign-4.1.1.tgz. Extracting by manifest.
1218 silly tarball no local data for any-promise@https://registry.npmjs.org/any-promise/-/any-promise-1.3.0.tgz. Extracting by manifest.
1219 silly tarball no local data for ts-interface-checker@https://registry.npmjs.org/ts-interface-checker/-/ts-interface-checker-0.1.13.tgz. Extracting by manifest.
1220 silly tarball no local data for tinyglobby@https://registry.npmjs.org/tinyglobby/-/tinyglobby-0.2.17.tgz. Extracting by manifest.
1221 silly tarball no local data for pirates@https://registry.npmjs.org/pirates/-/pirates-4.0.7.tgz. Extracting by manifest.
1222 silly tarball no local data for mz@https://registry.npmjs.org/mz/-/mz-2.7.0.tgz. Extracting by manifest.
1223 silly tarball no local data for lines-and-columns@https://registry.npmjs.org/lines-and-columns/-/lines-and-columns-1.2.4.tgz. Extracting by manifest.
1224 silly tarball no local data for commander@https://registry.npmjs.org/commander/-/commander-4.1.1.tgz. Extracting by manifest.
1225 silly tarball no local data for queue-microtask@https://registry.npmjs.org/queue-microtask/-/queue-microtask-1.2.3.tgz. Extracting by manifest.
1226 silly tarball no local data for function-bind@https://registry.npmjs.org/function-bind/-/function-bind-1.1.2.tgz. Extracting by manifest.
1227 silly tarball no local data for hasown@https://registry.npmjs.org/hasown/-/hasown-2.0.4.tgz. Extracting by manifest.
1228 silly tarball no local data for supports-preserve-symlinks-flag@https://registry.npmjs.org/supports-preserve-symlinks-flag/-/supports-preserve-symlinks-flag-1.0.0.tgz. Extracting by manifest.
1229 silly tarball no local data for path-parse@https://registry.npmjs.org/path-parse/-/path-parse-1.0.7.tgz. Extracting by manifest.
1230 silly tarball no local data for is-core-module@https://registry.npmjs.org/is-core-module/-/is-core-module-2.17.0.tgz. Extracting by manifest.
1231 silly tarball no local data for es-errors@https://registry.npmjs.org/es-errors/-/es-errors-1.3.0.tgz. Extracting by manifest.
1232 silly tarball no local data for util-deprecate@https://registry.npmjs.org/util-deprecate/-/util-deprecate-1.0.2.tgz. Extracting by manifest.
1233 silly tarball no local data for cssesc@https://registry.npmjs.org/cssesc/-/cssesc-3.0.0.tgz. Extracting by manifest.
1234 silly tarball no local data for camelcase-css@https://registry.npmjs.org/camelcase-css/-/camelcase-css-2.0.1.tgz. Extracting by manifest.
1235 silly tarball no local data for read-cache@https://registry.npmjs.org/read-cache/-/read-cache-1.0.2.tgz. Extracting by manifest.
1236 silly tarball no local data for is-extglob@https://registry.npmjs.org/is-extglob/-/is-extglob-2.1.1.tgz. Extracting by manifest.
1237 silly tarball no local data for binary-extensions@https://registry.npmjs.org/binary-extensions/-/binary-extensions-2.3.0.tgz. Extracting by manifest.
1238 silly tarball no local data for to-regex-range@https://registry.npmjs.org/to-regex-range/-/to-regex-range-5.0.1.tgz. Extracting by manifest.
1239 silly tarball no local data for reusify@https://registry.npmjs.org/reusify/-/reusify-1.1.0.tgz. Extracting by manifest.
1240 silly tarball no local data for fastq@https://registry.npmjs.org/fastq/-/fastq-1.20.3.tgz. Extracting by manifest.
1241 silly tarball no local data for run-parallel@https://registry.npmjs.org/run-parallel/-/run-parallel-1.2.0.tgz. Extracting by manifest.
1242 silly tarball no local data for @nodelib/fs.scandir@https://registry.npmjs.org/@nodelib/fs.scandir/-/fs.scandir-2.1.5.tgz. Extracting by manifest.
1243 silly tarball no local data for merge2@https://registry.npmjs.org/merge2/-/merge2-1.4.1.tgz. Extracting by manifest.
1244 silly tarball no local data for @nodelib/fs.walk@https://registry.npmjs.org/@nodelib/fs.walk/-/fs.walk-1.2.8.tgz. Extracting by manifest.
1245 silly tarball no local data for fill-range@https://registry.npmjs.org/fill-range/-/fill-range-7.1.1.tgz. Extracting by manifest.
1246 silly tarball no local data for picomatch@https://registry.npmjs.org/picomatch/-/picomatch-2.3.2.tgz. Extracting by manifest.
1247 silly tarball no local data for readdirp@https://registry.npmjs.org/readdirp/-/readdirp-3.6.0.tgz. Extracting by manifest.
1248 silly tarball no local data for is-binary-path@https://registry.npmjs.org/is-binary-path/-/is-binary-path-2.1.0.tgz. Extracting by manifest.
1249 silly tarball no local data for @nodelib/fs.stat@https://registry.npmjs.org/@nodelib/fs.stat/-/fs.stat-2.0.5.tgz. Extracting by manifest.
1250 silly tarball no local data for fsevents@https://registry.npmjs.org/fsevents/-/fsevents-2.3.3.tgz. Extracting by manifest.
1251 silly tarball no local data for braces@https://registry.npmjs.org/braces/-/braces-3.0.3.tgz. Extracting by manifest.
1252 silly tarball no local data for anymatch@https://registry.npmjs.org/anymatch/-/anymatch-3.1.3.tgz. Extracting by manifest.
1253 silly tarball no local data for resolve@https://registry.npmjs.org/resolve/-/resolve-1.22.12.tgz. Extracting by manifest.
1254 silly tarball no local data for sucrase@https://registry.npmjs.org/sucrase/-/sucrase-3.35.1.tgz. Extracting by manifest.
1255 silly tarball no local data for postcss-selector-parser@https://registry.npmjs.org/postcss-selector-parser/-/postcss-selector-parser-6.1.4.tgz. Extracting by manifest.
1256 silly tarball no local data for postcss-nested@https://registry.npmjs.org/postcss-nested/-/postcss-nested-6.2.0.tgz. Extracting by manifest.
1257 silly tarball no local data for postcss-load-config@https://registry.npmjs.org/postcss-load-config/-/postcss-load-config-6.0.1.tgz. Extracting by manifest.
1258 silly tarball no local data for postcss-import@https://registry.npmjs.org/postcss-import/-/postcss-import-15.1.0.tgz. Extracting by manifest.
1259 silly tarball no local data for postcss-js@https://registry.npmjs.org/postcss-js/-/postcss-js-4.1.0.tgz. Extracting by manifest.
1260 silly tarball no local data for object-hash@https://registry.npmjs.org/object-hash/-/object-hash-3.0.0.tgz. Extracting by manifest.
1261 silly tarball no local data for normalize-path@https://registry.npmjs.org/normalize-path/-/normalize-path-3.0.0.tgz. Extracting by manifest.
1262 silly tarball no local data for micromatch@https://registry.npmjs.org/micromatch/-/micromatch-4.0.8.tgz. Extracting by manifest.
1263 silly tarball no local data for lilconfig@https://registry.npmjs.org/lilconfig/-/lilconfig-3.1.3.tgz. Extracting by manifest.
1264 silly tarball no local data for jiti@https://registry.npmjs.org/jiti/-/jiti-1.21.7.tgz. Extracting by manifest.
1265 silly tarball no local data for is-glob@https://registry.npmjs.org/is-glob/-/is-glob-4.0.3.tgz. Extracting by manifest.
1266 silly tarball no local data for glob-parent@https://registry.npmjs.org/glob-parent/-/glob-parent-6.0.2.tgz. Extracting by manifest.
1267 silly tarball no local data for fast-glob@https://registry.npmjs.org/fast-glob/-/fast-glob-3.3.3.tgz. Extracting by manifest.
1268 silly tarball no local data for dlv@https://registry.npmjs.org/dlv/-/dlv-1.1.3.tgz. Extracting by manifest.
1269 silly tarball no local data for didyoumean@https://registry.npmjs.org/didyoumean/-/didyoumean-1.2.2.tgz. Extracting by manifest.
1270 silly tarball no local data for chokidar@https://registry.npmjs.org/chokidar/-/chokidar-3.6.0.tgz. Extracting by manifest.
1271 silly tarball no local data for arg@https://registry.npmjs.org/arg/-/arg-5.0.2.tgz. Extracting by manifest.
1272 silly tarball no local data for scheduler@https://registry.npmjs.org/scheduler/-/scheduler-0.23.2.tgz. Extracting by manifest.
1273 silly tarball no local data for @alloc/quick-lru@https://registry.npmjs.org/@alloc/quick-lru/-/quick-lru-5.3.0.tgz. Extracting by manifest.
1274 silly tarball no local data for loose-envify@https://registry.npmjs.org/loose-envify/-/loose-envify-1.4.0.tgz. Extracting by manifest.
1275 silly tarball no local data for source-map-js@https://registry.npmjs.org/source-map-js/-/source-map-js-1.2.1.tgz. Extracting by manifest.
1276 silly tarball no local data for ms@https://registry.npmjs.org/ms/-/ms-2.1.3.tgz. Extracting by manifest.
1277 silly tarball no local data for yallist@https://registry.npmjs.org/yallist/-/yallist-3.1.1.tgz. Extracting by manifest.
1278 silly tarball no local data for update-browserslist-db@https://registry.npmjs.org/update-browserslist-db/-/update-browserslist-db-1.3.3.tgz. Extracting by manifest.
1279 silly tarball no local data for node-releases@https://registry.npmjs.org/node-releases/-/node-releases-2.0.57.tgz. Extracting by manifest.
1280 silly tarball no local data for baseline-browser-mapping@https://registry.npmjs.org/baseline-browser-mapping/-/baseline-browser-mapping-2.11.25.tgz. Extracting by manifest.
1281 silly tarball no local data for postcss-value-parser@https://registry.npmjs.org/postcss-value-parser/-/postcss-value-parser-4.2.0.tgz. Extracting by manifest.
1282 silly tarball no local data for fraction.js@https://registry.npmjs.org/fraction.js/-/fraction.js-5.3.4.tgz. Extracting by manifest.
1283 silly tarball no local data for nanoid@https://registry.npmjs.org/nanoid/-/nanoid-3.3.19.tgz. Extracting by manifest.
1284 silly tarball no local data for electron-to-chromium@https://registry.npmjs.org/electron-to-chromium/-/electron-to-chromium-1.5.438.tgz. Extracting by manifest.
1285 silly tarball no local data for caniuse-lite@https://registry.npmjs.org/caniuse-lite/-/caniuse-lite-1.0.30001810.tgz. Extracting by manifest.
1286 silly tarball no local data for @types/babel__traverse@https://registry.npmjs.org/@types/babel__traverse/-/babel__traverse-7.28.0.tgz. Extracting by manifest.
1287 silly tarball no local data for @jridgewell/resolve-uri@https://registry.npmjs.org/@jridgewell/resolve-uri/-/resolve-uri-3.1.2.tgz. Extracting by manifest.
1288 silly tarball no local data for @types/babel__template@https://registry.npmjs.org/@types/babel__template/-/babel__template-7.4.4.tgz. Extracting by manifest.
1289 silly tarball no local data for @jridgewell/sourcemap-codec@https://registry.npmjs.org/@jridgewell/sourcemap-codec/-/sourcemap-codec-1.6.0.tgz. Extracting by manifest.
1290 silly tarball no local data for @types/babel__generator@https://registry.npmjs.org/@types/babel__generator/-/babel__generator-7.27.0.tgz. Extracting by manifest.
1291 silly tarball no local data for @babel/helper-plugin-utils@https://registry.npmjs.org/@babel/helper-plugin-utils/-/helper-plugin-utils-7.29.7.tgz. Extracting by manifest.
1292 silly tarball no local data for @babel/helper-string-parser@https://registry.npmjs.org/@babel/helper-string-parser/-/helper-string-parser-7.29.7.tgz. Extracting by manifest.
1293 silly tarball no local data for @babel/helper-module-imports@https://registry.npmjs.org/@babel/helper-module-imports/-/helper-module-imports-7.29.7.tgz. Extracting by manifest.
1294 silly tarball no local data for browserslist@https://registry.npmjs.org/browserslist/-/browserslist-4.29.0.tgz. Extracting by manifest.
1295 silly tarball no local data for @babel/helper-globals@https://registry.npmjs.org/@babel/helper-globals/-/helper-globals-7.29.7.tgz. Extracting by manifest.
1296 silly tarball no local data for lru-cache@https://registry.npmjs.org/lru-cache/-/lru-cache-5.1.1.tgz. Extracting by manifest.
1297 silly tarball no local data for @babel/helper-validator-option@https://registry.npmjs.org/@babel/helper-validator-option/-/helper-validator-option-7.29.7.tgz. Extracting by manifest.
1298 silly tarball no local data for @jridgewell/trace-mapping@https://registry.npmjs.org/@jridgewell/trace-mapping/-/trace-mapping-0.3.31.tgz. Extracting by manifest.
1299 silly tarball no local data for @babel/compat-data@https://registry.npmjs.org/@babel/compat-data/-/compat-data-7.29.7.tgz. Extracting by manifest.
1300 silly tarball no local data for js-tokens@https://registry.npmjs.org/js-tokens/-/js-tokens-4.0.0.tgz. Extracting by manifest.
1301 silly tarball no local data for jsesc@https://registry.npmjs.org/jsesc/-/jsesc-3.1.0.tgz. Extracting by manifest.
1302 silly tarball no local data for picocolors@https://registry.npmjs.org/picocolors/-/picocolors-1.1.1.tgz. Extracting by manifest.
1303 silly tarball no local data for @babel/helper-validator-identifier@https://registry.npmjs.org/@babel/helper-validator-identifier/-/helper-validator-identifier-7.29.7.tgz. Extracting by manifest.
1304 silly tarball no local data for @jridgewell/gen-mapping@https://registry.npmjs.org/@jridgewell/gen-mapping/-/gen-mapping-0.3.13.tgz. Extracting by manifest.
1305 silly tarball no local data for semver@https://registry.npmjs.org/semver/-/semver-6.3.1.tgz. Extracting by manifest.
1306 silly tarball no local data for json5@https://registry.npmjs.org/json5/-/json5-2.2.3.tgz. Extracting by manifest.
1307 silly tarball no local data for gensync@https://registry.npmjs.org/gensync/-/gensync-1.0.0-beta.2.tgz. Extracting by manifest.
1308 silly tarball no local data for debug@https://registry.npmjs.org/debug/-/debug-4.4.3.tgz. Extracting by manifest.
1309 silly tarball no local data for convert-source-map@https://registry.npmjs.org/convert-source-map/-/convert-source-map-2.0.0.tgz. Extracting by manifest.
1310 silly tarball no local data for @babel/types@https://registry.npmjs.org/@babel/types/-/types-7.29.8.tgz. Extracting by manifest.
1311 silly tarball no local data for @jridgewell/remapping@https://registry.npmjs.org/@jridgewell/remapping/-/remapping-2.3.5.tgz. Extracting by manifest.
1312 silly tarball no local data for @babel/helpers@https://registry.npmjs.org/@babel/helpers/-/helpers-7.29.7.tgz. Extracting by manifest.
1313 silly tarball no local data for @babel/template@https://registry.npmjs.org/@babel/template/-/template-7.29.7.tgz. Extracting by manifest.
1314 silly tarball no local data for @babel/parser@https://registry.npmjs.org/@babel/parser/-/parser-7.29.9.tgz. Extracting by manifest.
1315 silly tarball no local data for @babel/helper-module-transforms@https://registry.npmjs.org/@babel/helper-module-transforms/-/helper-module-transforms-7.29.7.tgz. Extracting by manifest.
1316 silly tarball no local data for @babel/helper-compilation-targets@https://registry.npmjs.org/@babel/helper-compilation-targets/-/helper-compilation-targets-7.29.7.tgz. Extracting by manifest.
1317 silly tarball no local data for @babel/generator@https://registry.npmjs.org/@babel/generator/-/generator-7.29.8.tgz. Extracting by manifest.
1318 silly tarball no local data for react-refresh@https://registry.npmjs.org/react-refresh/-/react-refresh-0.17.0.tgz. Extracting by manifest.
1319 silly tarball no local data for @types/babel__core@https://registry.npmjs.org/@types/babel__core/-/babel__core-7.20.5.tgz. Extracting by manifest.
1320 silly tarball no local data for @babel/code-frame@https://registry.npmjs.org/@babel/code-frame/-/code-frame-7.29.7.tgz. Extracting by manifest.
1321 silly tarball no local data for @babel/plugin-transform-react-jsx-source@https://registry.npmjs.org/@babel/plugin-transform-react-jsx-source/-/plugin-transform-react-jsx-source-7.29.7.tgz. Extracting by manifest.
1322 silly tarball no local data for @babel/traverse@https://registry.npmjs.org/@babel/traverse/-/traverse-7.29.8.tgz. Extracting by manifest.
1323 silly tarball no local data for @babel/plugin-transform-react-jsx-self@https://registry.npmjs.org/@babel/plugin-transform-react-jsx-self/-/plugin-transform-react-jsx-self-7.29.7.tgz. Extracting by manifest.
1324 silly tarball no local data for @babel/core@https://registry.npmjs.org/@babel/core/-/core-7.29.7.tgz. Extracting by manifest.
1325 silly tarball no local data for csstype@https://registry.npmjs.org/csstype/-/csstype-3.2.3.tgz. Extracting by manifest.
1326 silly tarball no local data for @rolldown/pluginutils@https://registry.npmjs.org/@rolldown/pluginutils/-/pluginutils-1.0.0-beta.27.tgz. Extracting by manifest.
1327 silly tarball no local data for @types/prop-types@https://registry.npmjs.org/@types/prop-types/-/prop-types-15.7.15.tgz. Extracting by manifest.
1328 silly tarball no local data for typescript@https://registry.npmjs.org/typescript/-/typescript-5.9.3.tgz. Extracting by manifest.
1329 silly tarball no local data for tailwindcss@https://registry.npmjs.org/tailwindcss/-/tailwindcss-3.4.19.tgz. Extracting by manifest.
1330 silly tarball no local data for react@https://registry.npmjs.org/react/-/react-18.3.1.tgz. Extracting by manifest.
1331 silly tarball no local data for lucide-react@https://registry.npmjs.org/lucide-react/-/lucide-react-0.475.0.tgz. Extracting by manifest.
1332 silly tarball no local data for postcss@https://registry.npmjs.org/postcss/-/postcss-8.5.28.tgz. Extracting by manifest.
1333 silly tarball no local data for autoprefixer@https://registry.npmjs.org/autoprefixer/-/autoprefixer-10.6.1.tgz. Extracting by manifest.
1334 silly tarball no local data for react-dom@https://registry.npmjs.org/react-dom/-/react-dom-18.3.1.tgz. Extracting by manifest.
1335 silly tarball no local data for @vitejs/plugin-react@https://registry.npmjs.org/@vitejs/plugin-react/-/plugin-react-4.7.0.tgz. Extracting by manifest.
1336 silly tarball no local data for vite@https://registry.npmjs.org/vite/-/vite-6.4.3.tgz. Extracting by manifest.
1337 silly tarball no local data for fdir@https://registry.npmjs.org/fdir/-/fdir-6.5.0.tgz. Extracting by manifest.
1338 silly tarball no local data for @types/react-dom@https://registry.npmjs.org/@types/react-dom/-/react-dom-18.3.7.tgz. Extracting by manifest.
1339 silly tarball no local data for picomatch@https://registry.npmjs.org/picomatch/-/picomatch-4.0.7.tgz. Extracting by manifest.
1340 silly tarball no local data for glob-parent@https://registry.npmjs.org/glob-parent/-/glob-parent-5.1.2.tgz. Extracting by manifest.
1341 silly tarball no local data for @types/react@https://registry.npmjs.org/@types/react/-/react-18.3.31.tgz. Extracting by manifest.
1342 silly tarball no local data for fdir@https://registry.npmjs.org/fdir/-/fdir-6.5.0.tgz. Extracting by manifest.
1343 silly tarball no local data for glob-parent@https://registry.npmjs.org/glob-parent/-/glob-parent-5.1.2.tgz. Extracting by manifest.
1344 silly tarball no local data for picomatch@https://registry.npmjs.org/picomatch/-/picomatch-4.0.7.tgz. Extracting by manifest.
1345 http fetch GET 200 https://registry.npmjs.org/is-number/-/is-number-7.0.0.tgz 38ms (cache miss)
1346 http fetch GET 200 https://registry.npmjs.org/thenify/-/thenify-3.3.1.tgz 39ms (cache miss)
1347 http fetch GET 200 https://registry.npmjs.org/thenify-all/-/thenify-all-1.6.0.tgz 39ms (cache miss)
1348 http fetch GET 200 https://registry.npmjs.org/esbuild/-/esbuild-0.25.12.tgz 40ms (cache miss)
1349 http fetch GET 200 https://registry.npmjs.org/mz/-/mz-2.7.0.tgz 55ms (cache miss)
1350 http fetch GET 200 https://registry.npmjs.org/lines-and-columns/-/lines-and-columns-1.2.4.tgz 56ms (cache miss)
1351 http fetch GET 200 https://registry.npmjs.org/rollup/-/rollup-4.63.4.tgz 60ms (cache miss)
1352 http fetch GET 200 https://registry.npmjs.org/queue-microtask/-/queue-microtask-1.2.3.tgz 62ms (cache miss)
1353 http fetch GET 200 https://registry.npmjs.org/commander/-/commander-4.1.1.tgz 62ms (cache miss)
1354 http fetch GET 200 https://registry.npmjs.org/function-bind/-/function-bind-1.1.2.tgz 69ms (cache miss)
1355 http fetch GET 200 https://registry.npmjs.org/hasown/-/hasown-2.0.4.tgz 74ms (cache miss)
1356 http fetch GET 200 https://registry.npmjs.org/supports-preserve-symlinks-flag/-/supports-preserve-symlinks-flag-1.0.0.tgz 75ms (cache miss)
1357 http fetch GET 200 https://registry.npmjs.org/tinyglobby/-/tinyglobby-0.2.17.tgz 80ms (cache miss)
1358 http fetch GET 200 https://registry.npmjs.org/escalade/-/escalade-3.2.0.tgz 82ms (cache miss)
1359 http fetch GET 200 https://registry.npmjs.org/object-assign/-/object-assign-4.1.1.tgz 83ms (cache miss)
1360 http fetch GET 200 https://registry.npmjs.org/ts-interface-checker/-/ts-interface-checker-0.1.13.tgz 83ms (cache miss)
1361 http fetch GET 200 https://registry.npmjs.org/path-parse/-/path-parse-1.0.7.tgz 82ms (cache miss)
1362 http fetch GET 200 https://registry.npmjs.org/pirates/-/pirates-4.0.7.tgz 82ms (cache miss)
1363 http fetch GET 200 https://registry.npmjs.org/any-promise/-/any-promise-1.3.0.tgz 84ms (cache miss)
1364 http fetch GET 200 https://registry.npmjs.org/is-core-module/-/is-core-module-2.17.0.tgz 87ms (cache miss)
1365 http fetch GET 200 https://registry.npmjs.org/es-errors/-/es-errors-1.3.0.tgz 92ms (cache miss)
1366 http fetch GET 200 https://registry.npmjs.org/util-deprecate/-/util-deprecate-1.0.2.tgz 97ms (cache miss)
1367 http fetch GET 200 https://registry.npmjs.org/cssesc/-/cssesc-3.0.0.tgz 97ms (cache miss)
1368 http fetch GET 200 https://registry.npmjs.org/camelcase-css/-/camelcase-css-2.0.1.tgz 100ms (cache miss)
1369 http fetch GET 200 https://registry.npmjs.org/read-cache/-/read-cache-1.0.2.tgz 103ms (cache miss)
1370 http fetch GET 200 https://registry.npmjs.org/is-extglob/-/is-extglob-2.1.1.tgz 103ms (cache miss)
1371 http fetch GET 200 https://registry.npmjs.org/binary-extensions/-/binary-extensions-2.3.0.tgz 103ms (cache miss)
1372 http fetch GET 200 https://registry.npmjs.org/fastq/-/fastq-1.20.3.tgz 104ms (cache miss)
1373 http fetch GET 200 https://registry.npmjs.org/run-parallel/-/run-parallel-1.2.0.tgz 107ms (cache miss)
1374 http fetch GET 200 https://registry.npmjs.org/reusify/-/reusify-1.1.0.tgz 108ms (cache miss)
1375 http fetch GET 200 https://registry.npmjs.org/to-regex-range/-/to-regex-range-5.0.1.tgz 111ms (cache miss)
1376 http fetch GET 200 https://registry.npmjs.org/merge2/-/merge2-1.4.1.tgz 114ms (cache miss)
1377 http fetch GET 200 https://registry.npmjs.org/fill-range/-/fill-range-7.1.1.tgz 126ms (cache miss)
1378 http fetch GET 200 https://registry.npmjs.org/readdirp/-/readdirp-3.6.0.tgz 126ms (cache miss)
1379 http fetch GET 200 https://registry.npmjs.org/@nodelib/fs.walk/-/fs.walk-1.2.8.tgz 129ms (cache miss)
1380 http fetch GET 200 https://registry.npmjs.org/braces/-/braces-3.0.3.tgz 130ms (cache miss)
1381 http fetch GET 200 https://registry.npmjs.org/is-binary-path/-/is-binary-path-2.1.0.tgz 135ms (cache miss)
1382 http fetch GET 200 https://registry.npmjs.org/picomatch/-/picomatch-2.3.2.tgz 136ms (cache miss)
1383 http fetch GET 200 https://registry.npmjs.org/fsevents/-/fsevents-2.3.3.tgz 136ms (cache miss)
1384 http fetch GET 200 https://registry.npmjs.org/@nodelib/fs.stat/-/fs.stat-2.0.5.tgz 138ms (cache miss)
1385 http fetch GET 200 https://registry.npmjs.org/anymatch/-/anymatch-3.1.3.tgz 143ms (cache miss)
1386 http fetch GET 200 https://registry.npmjs.org/resolve/-/resolve-1.22.12.tgz 147ms (cache miss)
1387 http fetch GET 200 https://registry.npmjs.org/postcss-nested/-/postcss-nested-6.2.0.tgz 152ms (cache miss)
1388 http fetch GET 200 https://registry.npmjs.org/postcss-load-config/-/postcss-load-config-6.0.1.tgz 154ms (cache miss)
1389 http fetch GET 200 https://registry.npmjs.org/postcss-import/-/postcss-import-15.1.0.tgz 154ms (cache miss)
1390 http fetch GET 200 https://registry.npmjs.org/object-hash/-/object-hash-3.0.0.tgz 160ms (cache miss)
1391 http fetch GET 200 https://registry.npmjs.org/micromatch/-/micromatch-4.0.8.tgz 160ms (cache miss)
1392 http fetch GET 200 https://registry.npmjs.org/postcss-js/-/postcss-js-4.1.0.tgz 161ms (cache miss)
1393 http fetch GET 200 https://registry.npmjs.org/postcss-selector-parser/-/postcss-selector-parser-6.1.4.tgz 163ms (cache miss)
1394 http fetch GET 200 https://registry.npmjs.org/normalize-path/-/normalize-path-3.0.0.tgz 168ms (cache miss)
1395 http fetch GET 200 https://registry.npmjs.org/lilconfig/-/lilconfig-3.1.3.tgz 175ms (cache miss)
1396 http fetch GET 200 https://registry.npmjs.org/glob-parent/-/glob-parent-6.0.2.tgz 177ms (cache miss)
1397 http fetch GET 200 https://registry.npmjs.org/sucrase/-/sucrase-3.35.1.tgz 178ms (cache miss)
1398 http fetch GET 200 https://registry.npmjs.org/is-glob/-/is-glob-4.0.3.tgz 184ms (cache miss)
1399 http fetch GET 200 https://registry.npmjs.org/chokidar/-/chokidar-3.6.0.tgz 186ms (cache miss)
1400 http fetch GET 200 https://registry.npmjs.org/arg/-/arg-5.0.2.tgz 186ms (cache miss)
1401 http fetch GET 200 https://registry.npmjs.org/dlv/-/dlv-1.1.3.tgz 188ms (cache miss)
1402 http fetch GET 200 https://registry.npmjs.org/didyoumean/-/didyoumean-1.2.2.tgz 193ms (cache miss)
1403 http fetch GET 200 https://registry.npmjs.org/scheduler/-/scheduler-0.23.2.tgz 194ms (cache miss)
1404 http fetch GET 200 https://registry.npmjs.org/jiti/-/jiti-1.21.7.tgz 195ms (cache miss)
1405 http fetch GET 200 https://registry.npmjs.org/fast-glob/-/fast-glob-3.3.3.tgz 196ms (cache miss)
1406 http fetch GET 200 https://registry.npmjs.org/loose-envify/-/loose-envify-1.4.0.tgz 197ms (cache miss)
1407 http fetch GET 200 https://registry.npmjs.org/ms/-/ms-2.1.3.tgz 200ms (cache miss)
1408 http fetch GET 200 https://registry.npmjs.org/yallist/-/yallist-3.1.1.tgz 204ms (cache miss)
1409 http fetch GET 200 https://registry.npmjs.org/source-map-js/-/source-map-js-1.2.1.tgz 205ms (cache miss)
1410 http fetch GET 200 https://registry.npmjs.org/update-browserslist-db/-/update-browserslist-db-1.3.3.tgz 206ms (cache miss)
1411 http fetch GET 200 https://registry.npmjs.org/node-releases/-/node-releases-2.0.57.tgz 211ms (cache miss)
1412 http fetch GET 200 https://registry.npmjs.org/postcss-value-parser/-/postcss-value-parser-4.2.0.tgz 216ms (cache miss)
1413 http fetch GET 200 https://registry.npmjs.org/fraction.js/-/fraction.js-5.3.4.tgz 217ms (cache miss)
1414 http fetch GET 200 https://registry.npmjs.org/nanoid/-/nanoid-3.3.19.tgz 220ms (cache miss)
1415 http fetch GET 200 https://registry.npmjs.org/electron-to-chromium/-/electron-to-chromium-1.5.438.tgz 221ms (cache miss)
1416 http fetch GET 200 https://registry.npmjs.org/baseline-browser-mapping/-/baseline-browser-mapping-2.11.25.tgz 223ms (cache miss)
1417 http fetch GET 200 https://registry.npmjs.org/@types/babel__generator/-/babel__generator-7.27.0.tgz 248ms (cache miss)
1418 http fetch GET 200 https://registry.npmjs.org/@babel/helper-plugin-utils/-/helper-plugin-utils-7.29.7.tgz 248ms (cache miss)
1419 http fetch GET 200 https://registry.npmjs.org/@babel/helper-module-imports/-/helper-module-imports-7.29.7.tgz 255ms (cache miss)
1420 http fetch GET 200 https://registry.npmjs.org/@jridgewell/sourcemap-codec/-/sourcemap-codec-1.6.0.tgz 257ms (cache miss)
1421 http fetch GET 200 https://registry.npmjs.org/@babel/helper-string-parser/-/helper-string-parser-7.29.7.tgz 261ms (cache miss)
1422 http fetch GET 200 https://registry.npmjs.org/browserslist/-/browserslist-4.29.0.tgz 262ms (cache miss)
1423 http fetch POST 200 https://registry.npmjs.org/-/npm/v1/security/advisories/bulk 292ms
1424 silly audit report {}
1425 http fetch GET 200 https://registry.npmjs.org/lru-cache/-/lru-cache-5.1.1.tgz 270ms (cache miss)
1426 http fetch GET 200 https://registry.npmjs.org/@babel/helper-globals/-/helper-globals-7.29.7.tgz 274ms (cache miss)
1427 http fetch GET 200 https://registry.npmjs.org/@types/estree/-/estree-1.0.9.tgz 294ms (cache miss)
1428 http fetch GET 200 https://registry.npmjs.org/js-tokens/-/js-tokens-4.0.0.tgz 285ms (cache miss)
1429 http fetch GET 200 https://registry.npmjs.org/@babel/helper-validator-option/-/helper-validator-option-7.29.7.tgz 290ms (cache miss)
1430 http fetch GET 200 https://registry.npmjs.org/picocolors/-/picocolors-1.1.1.tgz 294ms (cache miss)
1431 http fetch GET 200 https://registry.npmjs.org/@jridgewell/trace-mapping/-/trace-mapping-0.3.31.tgz 295ms (cache miss)
1432 http fetch GET 200 https://registry.npmjs.org/jsesc/-/jsesc-3.1.0.tgz 297ms (cache miss)
1433 http fetch GET 200 https://registry.npmjs.org/@babel/helper-validator-identifier/-/helper-validator-identifier-7.29.7.tgz 305ms (cache miss)
1434 http fetch GET 200 https://registry.npmjs.org/semver/-/semver-6.3.1.tgz 305ms (cache miss)
1435 http fetch GET 200 https://registry.npmjs.org/debug/-/debug-4.4.3.tgz 311ms (cache miss)
1436 http fetch GET 200 https://registry.npmjs.org/gensync/-/gensync-1.0.0-beta.2.tgz 312ms (cache miss)
1437 http fetch GET 200 https://registry.npmjs.org/@jridgewell/gen-mapping/-/gen-mapping-0.3.13.tgz 315ms (cache miss)
1438 http fetch GET 200 https://registry.npmjs.org/caniuse-lite/-/caniuse-lite-1.0.30001810.tgz 322ms (cache miss)
1439 http fetch GET 200 https://registry.npmjs.org/json5/-/json5-2.2.3.tgz 323ms (cache miss)
1440 http fetch GET 200 https://registry.npmjs.org/convert-source-map/-/convert-source-map-2.0.0.tgz 325ms (cache miss)
1441 http fetch GET 200 https://registry.npmjs.org/@babel/template/-/template-7.29.7.tgz 338ms (cache miss)
1442 http fetch GET 200 https://registry.npmjs.org/@jridgewell/remapping/-/remapping-2.3.5.tgz 359ms (cache miss)
1443 http fetch GET 200 https://registry.npmjs.org/@babel/helper-module-transforms/-/helper-module-transforms-7.29.7.tgz 360ms (cache miss)
1444 http fetch GET 200 https://registry.npmjs.org/@babel/parser/-/parser-7.29.9.tgz 361ms (cache miss)
1445 http fetch GET 200 https://registry.npmjs.org/react-refresh/-/react-refresh-0.17.0.tgz 365ms (cache miss)
1446 http fetch GET 200 https://registry.npmjs.org/@rollup/rollup-darwin-arm64/-/rollup-darwin-arm64-4.63.4.tgz 384ms (cache miss)
1447 http fetch GET 200 https://registry.npmjs.org/@types/babel__core/-/babel__core-7.20.5.tgz 377ms (cache miss)
1448 http fetch GET 200 https://registry.npmjs.org/@babel/helpers/-/helpers-7.29.7.tgz 383ms (cache miss)
1449 http fetch GET 200 https://registry.npmjs.org/@babel/plugin-transform-react-jsx-source/-/plugin-transform-react-jsx-source-7.29.7.tgz 385ms (cache miss)
1450 http fetch GET 200 https://registry.npmjs.org/@babel/code-frame/-/code-frame-7.29.7.tgz 385ms (cache miss)
1451 http fetch GET 200 https://registry.npmjs.org/@babel/generator/-/generator-7.29.8.tgz 398ms (cache miss)
1452 http fetch GET 200 https://registry.npmjs.org/@babel/plugin-transform-react-jsx-self/-/plugin-transform-react-jsx-self-7.29.7.tgz 401ms (cache miss)
1453 http fetch GET 200 https://registry.npmjs.org/@babel/traverse/-/traverse-7.29.8.tgz 406ms (cache miss)
1454 http fetch GET 200 https://registry.npmjs.org/csstype/-/csstype-3.2.3.tgz 411ms (cache miss)
1455 http fetch GET 200 https://registry.npmjs.org/@nodelib/fs.scandir/-/fs.scandir-2.1.5.tgz 419ms (cache miss)
1456 http fetch GET 200 https://registry.npmjs.org/@babel/core/-/core-7.29.7.tgz 421ms (cache miss)
1457 http fetch GET 200 https://registry.npmjs.org/react/-/react-18.3.1.tgz 429ms (cache miss)
1458 http fetch GET 200 https://registry.npmjs.org/postcss/-/postcss-8.5.28.tgz 441ms (cache miss)
1459 http fetch GET 200 https://registry.npmjs.org/@rolldown/pluginutils/-/pluginutils-1.0.0-beta.27.tgz 445ms (cache miss)
1460 http fetch GET 200 https://registry.npmjs.org/autoprefixer/-/autoprefixer-10.6.1.tgz 462ms (cache miss)
1461 http fetch GET 200 https://registry.npmjs.org/@types/babel__traverse/-/babel__traverse-7.28.0.tgz 473ms (cache miss)
1462 http fetch GET 200 https://registry.npmjs.org/@alloc/quick-lru/-/quick-lru-5.3.0.tgz 481ms (cache miss)
1463 http fetch GET 200 https://registry.npmjs.org/tailwindcss/-/tailwindcss-3.4.19.tgz 482ms (cache miss)
1464 http fetch GET 200 https://registry.npmjs.org/@types/react-dom/-/react-dom-18.3.7.tgz 527ms (cache miss)
1465 http fetch GET 200 https://registry.npmjs.org/fdir/-/fdir-6.5.0.tgz 527ms (cache miss)
1466 http fetch GET 200 https://registry.npmjs.org/react-dom/-/react-dom-18.3.1.tgz 535ms (cache miss)
1467 http fetch GET 200 https://registry.npmjs.org/@jridgewell/resolve-uri/-/resolve-uri-3.1.2.tgz 540ms (cache miss)
1468 http fetch GET 200 https://registry.npmjs.org/@types/babel__template/-/babel__template-7.4.4.tgz 540ms (cache miss)
1469 http fetch GET 200 https://registry.npmjs.org/vite/-/vite-6.4.3.tgz 547ms (cache miss)
1470 http fetch GET 200 https://registry.npmjs.org/glob-parent/-/glob-parent-5.1.2.tgz 548ms (cache miss)
1471 http fetch GET 200 https://registry.npmjs.org/fdir/-/fdir-6.5.0.tgz 550ms (cache miss)
1472 http fetch GET 200 https://registry.npmjs.org/glob-parent/-/glob-parent-5.1.2.tgz 557ms (cache miss)
1473 http fetch GET 200 https://registry.npmjs.org/picomatch/-/picomatch-4.0.7.tgz 557ms (cache miss)
1474 http fetch GET 200 https://registry.npmjs.org/@babel/compat-data/-/compat-data-7.29.7.tgz 562ms (cache miss)
1475 http fetch GET 200 https://registry.npmjs.org/picomatch/-/picomatch-4.0.7.tgz 558ms (cache miss)
1476 http fetch GET 200 https://registry.npmjs.org/@types/react/-/react-18.3.31.tgz 563ms (cache miss)
1477 http fetch GET 200 https://registry.npmjs.org/@babel/types/-/types-7.29.8.tgz 594ms (cache miss)
1478 http fetch GET 200 https://registry.npmjs.org/@babel/helper-compilation-targets/-/helper-compilation-targets-7.29.7.tgz 607ms (cache miss)
1479 http fetch GET 200 https://registry.npmjs.org/@vitejs/plugin-react/-/plugin-react-4.7.0.tgz 781ms (cache miss)
1480 http fetch GET 200 https://registry.npmjs.org/lucide-react/-/lucide-react-0.475.0.tgz 934ms (cache miss)
1481 http fetch GET 200 https://registry.npmjs.org/@types/prop-types/-/prop-types-15.7.15.tgz 953ms (cache miss)
1482 http fetch GET 200 https://registry.npmjs.org/@esbuild/darwin-arm64/-/darwin-arm64-0.25.12.tgz 1192ms (cache miss)
1483 http fetch GET 200 https://registry.npmjs.org/typescript/-/typescript-5.9.3.tgz 1192ms (cache miss)
1484 info run fsevents@2.3.3 install node_modules/fsevents node-gyp rebuild
1485 info run fsevents@2.3.3 install { code: 1, signal: null }
1486 verbose reify failed optional dependency /Users/apple11/.gemini/antigravity/scratch/stockscans-chart/node_modules/fsevents
1487 silly reify mark deleted [
1487 silly reify   '/Users/apple11/.gemini/antigravity/scratch/stockscans-chart/node_modules/fsevents'
1487 silly reify ]
1488 info run esbuild@0.25.12 postinstall node_modules/esbuild node install.js
1489 info run esbuild@0.25.12 postinstall { code: 0, signal: null }
1490 silly ADD node_modules/@types/estree
1491 silly ADD node_modules/@rollup/rollup-darwin-arm64
1492 silly ADD node_modules/@esbuild/darwin-arm64
1493 silly ADD node_modules/rollup
1494 silly ADD node_modules/esbuild
1495 silly ADD node_modules/escalade
1496 silly ADD node_modules/is-number
1497 silly ADD node_modules/thenify
1498 silly ADD node_modules/thenify-all
1499 silly ADD node_modules/object-assign
1500 silly ADD node_modules/any-promise
1501 silly ADD node_modules/ts-interface-checker
1502 silly ADD node_modules/tinyglobby
1503 silly ADD node_modules/tinyglobby/node_modules/picomatch
1504 silly ADD node_modules/tinyglobby/node_modules/fdir
1505 silly ADD node_modules/pirates
1506 silly ADD node_modules/mz
1507 silly ADD node_modules/lines-and-columns
1508 silly ADD node_modules/commander
1509 silly ADD node_modules/queue-microtask
1510 silly ADD node_modules/function-bind
1511 silly ADD node_modules/hasown
1512 silly ADD node_modules/supports-preserve-symlinks-flag
1513 silly ADD node_modules/path-parse
1514 silly ADD node_modules/is-core-module
1515 silly ADD node_modules/es-errors
1516 silly ADD node_modules/util-deprecate
1517 silly ADD node_modules/cssesc
1518 silly ADD node_modules/camelcase-css
1519 silly ADD node_modules/read-cache
1520 silly ADD node_modules/is-extglob
1521 silly ADD node_modules/binary-extensions
1522 silly ADD node_modules/to-regex-range
1523 silly ADD node_modules/reusify
1524 silly ADD node_modules/run-parallel
1525 silly ADD node_modules/fastq
1526 silly ADD node_modules/@nodelib/fs.scandir
1527 silly ADD node_modules/merge2
1528 silly ADD node_modules/@nodelib/fs.walk
1529 silly ADD node_modules/@nodelib/fs.stat
1530 silly ADD node_modules/fill-range
1531 silly ADD node_modules/picomatch
1532 silly ADD node_modules/readdirp
1533 silly ADD node_modules/is-binary-path
1534 silly ADD
1535 silly ADD node_modules/braces
1536 silly ADD node_modules/anymatch
1537 silly ADD node_modules/sucrase
1538 silly ADD node_modules/resolve
1539 silly ADD node_modules/postcss-selector-parser
1540 silly ADD node_modules/postcss-nested
1541 silly ADD node_modules/postcss-load-config
1542 silly ADD node_modules/postcss-js
1543 silly ADD node_modules/postcss-import
1544 silly ADD node_modules/object-hash
1545 silly ADD node_modules/normalize-path
1546 silly ADD node_modules/micromatch
1547 silly ADD node_modules/lilconfig
1548 silly ADD node_modules/jiti
1549 silly ADD node_modules/is-glob
1550 silly ADD node_modules/glob-parent
1551 silly ADD node_modules/fast-glob
1552 silly ADD node_modules/fast-glob/node_modules/glob-parent
1553 silly ADD node_modules/dlv
1554 silly ADD node_modules/didyoumean
1555 silly ADD node_modules/chokidar
1556 silly ADD node_modules/chokidar/node_modules/glob-parent
1557 silly ADD node_modules/arg
1558 silly ADD node_modules/@alloc/quick-lru
1559 silly ADD node_modules/scheduler
1560 silly ADD node_modules/loose-envify
1561 silly ADD node_modules/source-map-js
1562 silly ADD node_modules/nanoid
1563 silly ADD node_modules/yallist
1564 silly ADD node_modules/ms
1565 silly ADD node_modules/update-browserslist-db
1566 silly ADD node_modules/node-releases
1567 silly ADD node_modules/electron-to-chromium
1568 silly ADD node_modules/baseline-browser-mapping
1569 silly ADD node_modules/postcss-value-parser
1570 silly ADD node_modules/fraction.js
1571 silly ADD node_modules/caniuse-lite
1572 silly ADD node_modules/@types/babel__traverse
1573 silly ADD node_modules/@types/babel__template
1574 silly ADD node_modules/@types/babel__generator
1575 silly ADD node_modules/@jridgewell/resolve-uri
1576 silly ADD node_modules/@jridgewell/sourcemap-codec
1577 silly ADD node_modules/@babel/helper-string-parser
1578 silly ADD node_modules/@babel/helper-globals
1579 silly ADD node_modules/@babel/helper-plugin-utils
1580 silly ADD node_modules/@babel/helper-module-imports
1581 silly ADD node_modules/lru-cache
1582 silly ADD node_modules/browserslist
1583 silly ADD node_modules/@babel/helper-validator-option
1584 silly ADD node_modules/@babel/compat-data
1585 silly ADD node_modules/jsesc
1586 silly ADD node_modules/@jridgewell/trace-mapping
1587 silly ADD node_modules/@jridgewell/gen-mapping
1588 silly ADD node_modules/picocolors
1589 silly ADD node_modules/js-tokens
1590 silly ADD node_modules/@babel/helper-validator-identifier
1591 silly ADD node_modules/semver
1592 silly ADD node_modules/json5
1593 silly ADD node_modules/gensync
1594 silly ADD node_modules/debug
1595 silly ADD node_modules/convert-source-map
1596 silly ADD node_modules/@jridgewell/remapping
1597 silly ADD node_modules/@babel/types
1598 silly ADD node_modules/@babel/traverse
1599 silly ADD node_modules/@babel/template
1600 silly ADD node_modules/@babel/parser
1601 silly ADD node_modules/@babel/helpers
1602 silly ADD node_modules/@babel/helper-module-transforms
1603 silly ADD node_modules/@babel/helper-compilation-targets
1604 silly ADD node_modules/@babel/generator
1605 silly ADD node_modules/@babel/code-frame
1606 silly ADD node_modules/react-refresh
1607 silly ADD node_modules/@types/babel__core
1608 silly ADD node_modules/@rolldown/pluginutils
1609 silly ADD node_modules/@babel/plugin-transform-react-jsx-source
1610 silly ADD node_modules/@babel/plugin-transform-react-jsx-self
1611 silly ADD node_modules/@babel/core
1612 silly ADD node_modules/csstype
1613 silly ADD node_modules/@types/prop-types
1614 silly ADD node_modules/typescript
1615 silly ADD node_modules/tailwindcss
1616 silly ADD node_modules/react-dom
1617 silly ADD node_modules/react
1618 silly ADD node_modules/lucide-react
1619 silly ADD node_modules/postcss
1620 silly ADD node_modules/autoprefixer
1621 silly ADD node_modules/vite
1622 silly ADD node_modules/vite/node_modules/picomatch
1623 silly ADD node_modules/vite/node_modules/fdir
1624 silly ADD node_modules/@vitejs/plugin-react
1625 silly ADD node_modules/@types/react-dom
1626 silly ADD node_modules/@types/react
1627 verbose cwd /Users/apple11/.gemini/antigravity/scratch/stockscans-chart
1628 verbose os Darwin 25.5.0
1629 verbose node v24.15.0
1630 verbose npm  v11.12.1
1631 notice
1631 notice New [31mmajor[39m version of npm available! [31m11.12.1[39m -> [34m12.1.0[39m
1631 notice Changelog: [34mhttps://github.com/npm/cli/releases/tag/v12.1.0[39m
1631 notice To update run: [4mnpm install -g npm@12.1.0[24m
1631 notice  { force: true, Symbol(proc-log.meta): true }
1632 verbose exit 0
1633 info ok
